{
  "experiment": "A-4.4.5.1",
  "description": "FK Outlier Suppression (Mean + 3\u03c3 Masking)",
  "args": {
    "dataset": "/content/KR6_FK_Dataset.csv",
    "batch_size": 256,
    "train_split": 0.9,
    "epochs": 100,
    "lr": 0.001,
    "seed": 42,
    "deterministic": false,
    "loss_w_mse": 1.0,
    "lambda_max": 1.0,
    "schedule_type": "linear",
    "fk_alpha": 2.0,
    "fk_max_weight": 5.0,
    "num_workers": 0,
    "save_path": "",
    "dump_dir": "analysis/a_4_4_5"
  },
  "lambda_schedule": {
    "0": 0.0,
    "1": 0.010101010101010102,
    "2": 0.020202020202020204,
    "3": 0.030303030303030304,
    "4": 0.04040404040404041,
    "5": 0.050505050505050504,
    "6": 0.06060606060606061,
    "7": 0.0707070707070707,
    "8": 0.08080808080808081,
    "9": 0.09090909090909091,
    "10": 0.10101010101010101,
    "11": 0.1111111111111111,
    "12": 0.12121212121212122,
    "13": 0.13131313131313133,
    "14": 0.1414141414141414,
    "15": 0.15151515151515152,
    "16": 0.16161616161616163,
    "17": 0.1717171717171717,
    "18": 0.18181818181818182,
    "19": 0.1919191919191919,
    "20": 0.20202020202020202,
    "21": 0.21212121212121213,
    "22": 0.2222222222222222,
    "23": 0.23232323232323232,
    "24": 0.24242424242424243,
    "25": 0.25252525252525254,
    "26": 0.26262626262626265,
    "27": 0.2727272727272727,
    "28": 0.2828282828282828,
    "29": 0.29292929292929293,
    "30": 0.30303030303030304,
    "31": 0.31313131313131315,
    "32": 0.32323232323232326,
    "33": 0.3333333333333333,
    "34": 0.3434343434343434,
    "35": 0.35353535353535354,
    "36": 0.36363636363636365,
    "37": 0.37373737373737376,
    "38": 0.3838383838383838,
    "39": 0.3939393939393939,
    "40": 0.40404040404040403,
    "41": 0.41414141414141414,
    "42": 0.42424242424242425,
    "43": 0.43434343434343436,
    "44": 0.4444444444444444,
    "45": 0.45454545454545453,
    "46": 0.46464646464646464,
    "47": 0.47474747474747475,
    "48": 0.48484848484848486,
    "49": 0.494949494949495,
    "50": 0.5050505050505051,
    "51": 0.5151515151515151,
    "52": 0.5252525252525253,
    "53": 0.5353535353535354,
    "54": 0.5454545454545454,
    "55": 0.5555555555555556,
    "56": 0.5656565656565656,
    "57": 0.5757575757575758,
    "58": 0.5858585858585859,
    "59": 0.5959595959595959,
    "60": 0.6060606060606061,
    "61": 0.6161616161616161,
    "62": 0.6262626262626263,
    "63": 0.6363636363636364,
    "64": 0.6464646464646465,
    "65": 0.6565656565656566,
    "66": 0.6666666666666666,
    "67": 0.6767676767676768,
    "68": 0.6868686868686869,
    "69": 0.696969696969697,
    "70": 0.7070707070707071,
    "71": 0.7171717171717171,
    "72": 0.7272727272727273,
    "73": 0.7373737373737373,
    "74": 0.7474747474747475,
    "75": 0.7575757575757576,
    "76": 0.7676767676767676,
    "77": 0.7777777777777778,
    "78": 0.7878787878787878,
    "79": 0.797979797979798,
    "80": 0.8080808080808081,
    "81": 0.8181818181818182,
    "82": 0.8282828282828283,
    "83": 0.8383838383838383,
    "84": 0.8484848484848485,
    "85": 0.8585858585858586,
    "86": 0.8686868686868687,
    "87": 0.8787878787878788,
    "88": 0.8888888888888888,
    "89": 0.898989898989899,
    "90": 0.9090909090909091,
    "91": 0.9191919191919192,
    "92": 0.9292929292929293,
    "93": 0.9393939393939394,
    "94": 0.9494949494949495,
    "95": 0.9595959595959596,
    "96": 0.9696969696969697,
    "97": 0.9797979797979798,
    "98": 0.98989898989899,
    "99": 1.0
  },
  "validation": {
    "mse": 5.2722475051879885,
    "fk_stats": {
      "mean": 0.06877310574054718,
      "std": 0.3258599042892456,
      "p95": 0.06858011335134506,
      "p99": 0.13881638646125793,
      "max": 6.363481044769287
    }
  }
}