{
  "experiment": "A-4.4.3_loss_weight_sweep",
  "fk_weights": [
    0.0,
    0.1,
    0.5,
    1.0,
    2.0,
    5.0
  ],
  "metrics_by_lambda_fk": {
    "0.0": {
      "fk_mean": 5.348735014343262,
      "fk_std": 0.4841481975942664,
      "fk_p95": 6.370359325408935,
      "fk_p99": 6.489531893730164,
      "fk_max": 6.550961971282959,
      "joint_mse": 1.8709320217370986
    },
    "0.1": {
      "fk_mean": 1.570841311275959,
      "fk_std": 0.12811074822432106,
      "fk_p95": 1.7696181118488312,
      "fk_p99": 1.8284157121181488,
      "fk_max": 2.7918665409088135,
      "joint_mse": 3.233183342218399
    },
    "0.5": {
      "fk_mean": 0.31460092934668066,
      "fk_std": 0.08486486355050354,
      "fk_p95": 0.4211612746119499,
      "fk_p99": 0.45939445912837984,
      "fk_max": 0.5005907416343689,
      "joint_mse": 4.462573349475861
    },
    "1.0": {
      "fk_mean": 0.04156289737159386,
      "fk_std": 0.006267184758634537,
      "fk_p95": 0.04920109547674655,
      "fk_p99": 0.05300346311181784,
      "fk_max": 0.19170251488685608,
      "joint_mse": 5.443106544017792
    },
    "2.0": {
      "fk_mean": 0.03532047521534842,
      "fk_std": 0.01761204674960026,
      "fk_p95": 0.060311260260641576,
      "fk_p99": 0.06140924721956253,
      "fk_max": 0.06934097409248352,
      "joint_mse": 5.528861474990845
    },
    "5.0": {
      "fk_mean": 0.025061354501894676,
      "fk_std": 0.0077797595137724515,
      "fk_p95": 0.03873520772904158,
      "fk_p99": 0.04351425666362047,
      "fk_max": 0.05311799421906471,
      "joint_mse": 5.601726841926575
    }
  }
}