[WARN] [1790433413.837062719] [moveit_2942097572]: exception thrown while creating node for logging: failed to create guard condition: context argument is null, at ./src/rcl/guard_condition.c:65
[WARN] [1790433413.838934157] [moveit_2942097572]: if rclcpp::init was not called, messages from this logger may be missing from /rosout
[INFO] [1790433413.840286003] [moveit_2942097572.moveit.core.robot_model]: Loading robot model 'kr6_r900_sixx'...
[INFO] [1790433413.841306902] [moveit_2942097572.moveit.core.robot_model]: No root/virtual joint specified in SRDF. Assuming fixed joint
[WARN] [1790433414.839362546] [moveit_6821362]: exception thrown while creating node for logging: failed to create guard condition: context argument is null, at ./src/rcl/guard_condition.c:65
[WARN] [1790433414.840560851] [moveit_6821362]: if rclcpp::init was not called, messages from this logger may be missing from /rosout
[INFO] [1790433414.841465400] [moveit_6821362.moveit.core.robot_model]: Loading robot model 'kr6_r900_sixx'...
[INFO] [1790433414.841878291] [moveit_6821362.moveit.core.robot_model]: No root/virtual joint specified in SRDF. Assuming fixed joint
[WARN] [1790433415.843608941] [moveit_4025615091]: exception thrown while creating node for logging: failed to create guard condition: context argument is null, at ./src/rcl/guard_condition.c:65
[WARN] [1790433415.844754827] [moveit_4025615091]: if rclcpp::init was not called, messages from this logger may be missing from /rosout
[INFO] [1790433415.845473426] [moveit_4025615091.moveit.core.robot_model]: Loading robot model 'kr6_r900_sixx'...
[INFO] [1790433415.845762042] [moveit_4025615091.moveit.core.robot_model]: No root/virtual joint specified in SRDF. Assuming fixed joint
[WARN] [1790433416.825942787] [moveit_3729565153]: exception thrown while creating node for logging: failed to create guard condition: context argument is null, at ./src/rcl/guard_condition.c:65
[WARN] [1790433416.827113690] [moveit_3729565153]: if rclcpp::init was not called, messages from this logger may be missing from /rosout
[INFO] [1790433416.827844461] [moveit_3729565153.moveit.core.robot_model]: Loading robot model 'kr6_r900_sixx'...
[INFO] [1790433416.828251721] [moveit_3729565153.moveit.core.robot_model]: No root/virtual joint specified in SRDF. Assuming fixed joint
[WARN] [1790433417.832036715] [moveit_3832904489]: exception thrown while creating node for logging: failed to create guard condition: context argument is null, at ./src/rcl/guard_condition.c:65
[WARN] [1790433417.833195295] [moveit_3832904489]: if rclcpp::init was not called, messages from this logger may be missing from /rosout
[INFO] [1790433417.834141533] [moveit_3832904489.moveit.core.robot_model]: Loading robot model 'kr6_r900_sixx'...
[INFO] [1790433417.834590823] [moveit_3832904489.moveit.core.robot_model]: No root/virtual joint specified in SRDF. Assuming fixed joint
[WARN] [1790433418.828104341] [moveit_2588892]: exception thrown while creating node for logging: failed to create guard condition: context argument is null, at ./src/rcl/guard_condition.c:65
[WARN] [1790433418.829375253] [moveit_2588892]: if rclcpp::init was not called, messages from this logger may be missing from /rosout
[INFO] [1790433418.830405631] [moveit_2588892.moveit.core.robot_model]: Loading robot model 'kr6_r900_sixx'...
[INFO] [1790433418.830867764] [moveit_2588892.moveit.core.robot_model]: No root/virtual joint specified in SRDF. Assuming fixed joint
[WARN] [1790433419.829915032] [moveit_2283736779]: exception thrown while creating node for logging: failed to create guard condition: context argument is null, at ./src/rcl/guard_condition.c:65
[WARN] [1790433419.831287907] [moveit_2283736779]: if rclcpp::init was not called, messages from this logger may be missing from /rosout
[INFO] [1790433419.832414927] [moveit_2283736779.moveit.core.robot_model]: Loading robot model 'kr6_r900_sixx'...
[INFO] [1790433419.832924220] [moveit_2283736779.moveit.core.robot_model]: No root/virtual joint specified in SRDF. Assuming fixed joint
[WARN] [1790433420.837735428] [moveit_2111617188]: exception thrown while creating node for logging: failed to create guard condition: context argument is null, at ./src/rcl/guard_condition.c:65
[WARN] [1790433420.839087928] [moveit_2111617188]: if rclcpp::init was not called, messages from this logger may be missing from /rosout
[INFO] [1790433420.840134904] [moveit_2111617188.moveit.core.robot_model]: Loading robot model 'kr6_r900_sixx'...
[INFO] [1790433420.840610595] [moveit_2111617188.moveit.core.robot_model]: No root/virtual joint specified in SRDF. Assuming fixed joint
[WARN] [1790433421.838258607] [moveit_4195490134]: exception thrown while creating node for logging: failed to create guard condition: context argument is null, at ./src/rcl/guard_condition.c:65
[WARN] [1790433421.839810589] [moveit_4195490134]: if rclcpp::init was not called, messages from this logger may be missing from /rosout
[INFO] [1790433421.840832146] [moveit_4195490134.moveit.core.robot_model]: Loading robot model 'kr6_r900_sixx'...
[INFO] [1790433421.841305823] [moveit_4195490134.moveit.core.robot_model]: No root/virtual joint specified in SRDF. Assuming fixed joint
[WARN] [1790433422.829700421] [moveit_45000131]: exception thrown while creating node for logging: failed to create guard condition: context argument is null, at ./src/rcl/guard_condition.c:65
[WARN] [1790433422.830730995] [moveit_45000131]: if rclcpp::init was not called, messages from this logger may be missing from /rosout
[INFO] [1790433422.831675063] [moveit_45000131.moveit.core.robot_model]: Loading robot model 'kr6_r900_sixx'...
[INFO] [1790433422.832084227] [moveit_45000131.moveit.core.robot_model]: No root/virtual joint specified in SRDF. Assuming fixed joint
[WARN] [1790433423.804039668] [moveit_593990618]: exception thrown while creating node for logging: failed to create guard condition: context argument is null, at ./src/rcl/guard_condition.c:65
[WARN] [1790433423.805025877] [moveit_593990618]: if rclcpp::init was not called, messages from this logger may be missing from /rosout
[INFO] [1790433423.805799268] [moveit_593990618.moveit.core.robot_model]: Loading robot model 'kr6_r900_sixx'...
[INFO] [1790433423.806371354] [moveit_593990618.moveit.core.robot_model]: No root/virtual joint specified in SRDF. Assuming fixed joint
[WARN] [1790433424.798838012] [moveit_2937008831]: exception thrown while creating node for logging: failed to create guard condition: context argument is null, at ./src/rcl/guard_condition.c:65
[WARN] [1790433424.800054672] [moveit_2937008831]: if rclcpp::init was not called, messages from this logger may be missing from /rosout
[INFO] [1790433424.801100936] [moveit_2937008831.moveit.core.robot_model]: Loading robot model 'kr6_r900_sixx'...
[INFO] [1790433424.801573731] [moveit_2937008831.moveit.core.robot_model]: No root/virtual joint specified in SRDF. Assuming fixed joint
[WARN] [1790433425.793136518] [moveit_405699686]: exception thrown while creating node for logging: failed to create guard condition: context argument is null, at ./src/rcl/guard_condition.c:65
[WARN] [1790433425.794230162] [moveit_405699686]: if rclcpp::init was not called, messages from this logger may be missing from /rosout
[INFO] [1790433425.795222113] [moveit_405699686.moveit.core.robot_model]: Loading robot model 'kr6_r900_sixx'...
[INFO] [1790433425.795512228] [moveit_405699686.moveit.core.robot_model]: No root/virtual joint specified in SRDF. Assuming fixed joint
[WARN] [1790433426.775291114] [moveit_2313618122]: exception thrown while creating node for logging: failed to create guard condition: context argument is null, at ./src/rcl/guard_condition.c:65
[WARN] [1790433426.776181700] [moveit_2313618122]: if rclcpp::init was not called, messages from this logger may be missing from /rosout
[INFO] [1790433426.776964309] [moveit_2313618122.moveit.core.robot_model]: Loading robot model 'kr6_r900_sixx'...
[INFO] [1790433426.777500386] [moveit_2313618122.moveit.core.robot_model]: No root/virtual joint specified in SRDF. Assuming fixed joint
[WARN] [1790433427.774252427] [moveit_2602845664]: exception thrown while creating node for logging: failed to create guard condition: context argument is null, at ./src/rcl/guard_condition.c:65
[WARN] [1790433427.775441620] [moveit_2602845664]: if rclcpp::init was not called, messages from this logger may be missing from /rosout
[INFO] [1790433427.776465553] [moveit_2602845664.moveit.core.robot_model]: Loading robot model 'kr6_r900_sixx'...
[INFO] [1790433427.776814751] [moveit_2602845664.moveit.core.robot_model]: No root/virtual joint specified in SRDF. Assuming fixed joint
[WARN] [1790433428.763051776] [moveit_2842314176]: exception thrown while creating node for logging: failed to create guard condition: context argument is null, at ./src/rcl/guard_condition.c:65
[WARN] [1790433428.764469862] [moveit_2842314176]: if rclcpp::init was not called, messages from this logger may be missing from /rosout
[INFO] [1790433428.765572061] [moveit_2842314176.moveit.core.robot_model]: Loading robot model 'kr6_r900_sixx'...
[INFO] [1790433428.766037149] [moveit_2842314176.moveit.core.robot_model]: No root/virtual joint specified in SRDF. Assuming fixed joint
[WARN] [1790433429.766795528] [moveit_601961530]: exception thrown while creating node for logging: failed to create guard condition: context argument is null, at ./src/rcl/guard_condition.c:65
[WARN] [1790433429.768037446] [moveit_601961530]: if rclcpp::init was not called, messages from this logger may be missing from /rosout
[INFO] [1790433429.768696101] [moveit_601961530.moveit.core.robot_model]: Loading robot model 'kr6_r900_sixx'...
[INFO] [1790433429.769112148] [moveit_601961530.moveit.core.robot_model]: No root/virtual joint specified in SRDF. Assuming fixed joint
[WARN] [1790433430.754427646] [moveit_1785588405]: exception thrown while creating node for logging: failed to create guard condition: context argument is null, at ./src/rcl/guard_condition.c:65
[WARN] [1790433430.755562582] [moveit_1785588405]: if rclcpp::init was not called, messages from this logger may be missing from /rosout
[INFO] [1790433430.756303372] [moveit_1785588405.moveit.core.robot_model]: Loading robot model 'kr6_r900_sixx'...
[INFO] [1790433430.756666839] [moveit_1785588405.moveit.core.robot_model]: No root/virtual joint specified in SRDF. Assuming fixed joint
[WARN] [1790433431.743246578] [moveit_1450022599]: exception thrown while creating node for logging: failed to create guard condition: context argument is null, at ./src/rcl/guard_condition.c:65
[WARN] [1790433431.745986749] [moveit_1450022599]: if rclcpp::init was not called, messages from this logger may be missing from /rosout
[INFO] [1790433431.747118498] [moveit_1450022599.moveit.core.robot_model]: Loading robot model 'kr6_r900_sixx'...
[INFO] [1790433431.747545004] [moveit_1450022599.moveit.core.robot_model]: No root/virtual joint specified in SRDF. Assuming fixed joint
[WARN] [1790433432.741243611] [moveit_388862137]: exception thrown while creating node for logging: failed to create guard condition: context argument is null, at ./src/rcl/guard_condition.c:65
[WARN] [1790433432.742423602] [moveit_388862137]: if rclcpp::init was not called, messages from this logger may be missing from /rosout
[INFO] [1790433432.743347669] [moveit_388862137.moveit.core.robot_model]: Loading robot model 'kr6_r900_sixx'...
[INFO] [1790433432.743820353] [moveit_388862137.moveit.core.robot_model]: No root/virtual joint specified in SRDF. Assuming fixed joint
[WARN] [1790433433.741010000] [moveit_1192672214]: exception thrown while creating node for logging: failed to create guard condition: context argument is null, at ./src/rcl/guard_condition.c:65
[WARN] [1790433433.742321579] [moveit_1192672214]: if rclcpp::init was not called, messages from this logger may be missing from /rosout
[INFO] [1790433433.743513733] [moveit_1192672214.moveit.core.robot_model]: Loading robot model 'kr6_r900_sixx'...
[INFO] [1790433433.743974624] [moveit_1192672214.moveit.core.robot_model]: No root/virtual joint specified in SRDF. Assuming fixed joint
[WARN] [1790433434.732126505] [moveit_1298305795]: exception thrown while creating node for logging: failed to create guard condition: context argument is null, at ./src/rcl/guard_condition.c:65
[WARN] [1790433434.733645577] [moveit_1298305795]: if rclcpp::init was not called, messages from this logger may be missing from /rosout
[INFO] [1790433434.734573291] [moveit_1298305795.moveit.core.robot_model]: Loading robot model 'kr6_r900_sixx'...
[INFO] [1790433434.734974679] [moveit_1298305795.moveit.core.robot_model]: No root/virtual joint specified in SRDF. Assuming fixed joint
[WARN] [1790433435.737889140] [moveit_3007822948]: exception thrown while creating node for logging: failed to create guard condition: context argument is null, at ./src/rcl/guard_condition.c:65
[WARN] [1790433435.738886515] [moveit_3007822948]: if rclcpp::init was not called, messages from this logger may be missing from /rosout
[INFO] [1790433435.739884101] [moveit_3007822948.moveit.core.robot_model]: Loading robot model 'kr6_r900_sixx'...
[INFO] [1790433435.740356223] [moveit_3007822948.moveit.core.robot_model]: No root/virtual joint specified in SRDF. Assuming fixed joint
[WARN] [1790433436.734703797] [moveit_1502635607]: exception thrown while creating node for logging: failed to create guard condition: context argument is null, at ./src/rcl/guard_condition.c:65
[WARN] [1790433436.735816521] [moveit_1502635607]: if rclcpp::init was not called, messages from this logger may be missing from /rosout
[INFO] [1790433436.736783239] [moveit_1502635607.moveit.core.robot_model]: Loading robot model 'kr6_r900_sixx'...
[INFO] [1790433436.737218882] [moveit_1502635607.moveit.core.robot_model]: No root/virtual joint specified in SRDF. Assuming fixed joint
[WARN] [1790433437.718168176] [moveit_139686025]: exception thrown while creating node for logging: failed to create guard condition: context argument is null, at ./src/rcl/guard_condition.c:65
[WARN] [1790433437.719326226] [moveit_139686025]: if rclcpp::init was not called, messages from this logger may be missing from /rosout
[INFO] [1790433437.720078235] [moveit_139686025.moveit.core.robot_model]: Loading robot model 'kr6_r900_sixx'...
[INFO] [1790433437.720474458] [moveit_139686025.moveit.core.robot_model]: No root/virtual joint specified in SRDF. Assuming fixed joint
[WARN] [1790433438.701382411] [moveit_2049857104]: exception thrown while creating node for logging: failed to create guard condition: context argument is null, at ./src/rcl/guard_condition.c:65
[WARN] [1790433438.702626043] [moveit_2049857104]: if rclcpp::init was not called, messages from this logger may be missing from /rosout
[INFO] [1790433438.703716245] [moveit_2049857104.moveit.core.robot_model]: Loading robot model 'kr6_r900_sixx'...
[INFO] [1790433438.704142895] [moveit_2049857104.moveit.core.robot_model]: No root/virtual joint specified in SRDF. Assuming fixed joint
[WARN] [1790433439.706639261] [moveit_1905101327]: exception thrown while creating node for logging: failed to create guard condition: context argument is null, at ./src/rcl/guard_condition.c:65
[WARN] [1790433439.707637969] [moveit_1905101327]: if rclcpp::init was not called, messages from this logger may be missing from /rosout
[INFO] [1790433439.708466703] [moveit_1905101327.moveit.core.robot_model]: Loading robot model 'kr6_r900_sixx'...
[INFO] [1790433439.708999716] [moveit_1905101327.moveit.core.robot_model]: No root/virtual joint specified in SRDF. Assuming fixed joint
[WARN] [1790433440.693316821] [moveit_1983635954]: exception thrown while creating node for logging: failed to create guard condition: context argument is null, at ./src/rcl/guard_condition.c:65
[WARN] [1790433440.694782545] [moveit_1983635954]: if rclcpp::init was not called, messages from this logger may be missing from /rosout
[INFO] [1790433440.695802884] [moveit_1983635954.moveit.core.robot_model]: Loading robot model 'kr6_r900_sixx'...
[INFO] [1790433440.696268258] [moveit_1983635954.moveit.core.robot_model]: No root/virtual joint specified in SRDF. Assuming fixed joint
[WARN] [1790433441.684866037] [moveit_2397738359]: exception thrown while creating node for logging: failed to create guard condition: context argument is null, at ./src/rcl/guard_condition.c:65
[WARN] [1790433441.685839196] [moveit_2397738359]: if rclcpp::init was not called, messages from this logger may be missing from /rosout
[INFO] [1790433441.686798579] [moveit_2397738359.moveit.core.robot_model]: Loading robot model 'kr6_r900_sixx'...
[INFO] [1790433441.687110732] [moveit_2397738359.moveit.core.robot_model]: No root/virtual joint specified in SRDF. Assuming fixed joint
[WARN] [1790433442.669853835] [moveit_3465170199]: exception thrown while creating node for logging: failed to create guard condition: context argument is null, at ./src/rcl/guard_condition.c:65
[WARN] [1790433442.671034789] [moveit_3465170199]: if rclcpp::init was not called, messages from this logger may be missing from /rosout
[INFO] [1790433442.672041582] [moveit_3465170199.moveit.core.robot_model]: Loading robot model 'kr6_r900_sixx'...
[INFO] [1790433442.672453915] [moveit_3465170199.moveit.core.robot_model]: No root/virtual joint specified in SRDF. Assuming fixed joint
[WARN] [1790433443.672554960] [moveit_837529230]: exception thrown while creating node for logging: failed to create guard condition: context argument is null, at ./src/rcl/guard_condition.c:65
[WARN] [1790433443.673821747] [moveit_837529230]: if rclcpp::init was not called, messages from this logger may be missing from /rosout
[INFO] [1790433443.674578825] [moveit_837529230.moveit.core.robot_model]: Loading robot model 'kr6_r900_sixx'...
[INFO] [1790433443.675229351] [moveit_837529230.moveit.core.robot_model]: No root/virtual joint specified in SRDF. Assuming fixed joint
[WARN] [1790433444.654697498] [moveit_365759007]: exception thrown while creating node for logging: failed to create guard condition: context argument is null, at ./src/rcl/guard_condition.c:65
[WARN] [1790433444.655888135] [moveit_365759007]: if rclcpp::init was not called, messages from this logger may be missing from /rosout
[INFO] [1790433444.656748419] [moveit_365759007.moveit.core.robot_model]: Loading robot model 'kr6_r900_sixx'...
[INFO] [1790433444.657229537] [moveit_365759007.moveit.core.robot_model]: No root/virtual joint specified in SRDF. Assuming fixed joint
[WARN] [1790433445.646957445] [moveit_3339085032]: exception thrown while creating node for logging: failed to create guard condition: context argument is null, at ./src/rcl/guard_condition.c:65
[WARN] [1790433445.648301592] [moveit_3339085032]: if rclcpp::init was not called, messages from this logger may be missing from /rosout
[INFO] [1790433445.649032462] [moveit_3339085032.moveit.core.robot_model]: Loading robot model 'kr6_r900_sixx'...
[INFO] [1790433445.649327759] [moveit_3339085032.moveit.core.robot_model]: No root/virtual joint specified in SRDF. Assuming fixed joint
[WARN] [1790433446.629076718] [moveit_3315224650]: exception thrown while creating node for logging: failed to create guard condition: context argument is null, at ./src/rcl/guard_condition.c:65
[WARN] [1790433446.630545229] [moveit_3315224650]: if rclcpp::init was not called, messages from this logger may be missing from /rosout
[INFO] [1790433446.631466659] [moveit_3315224650.moveit.core.robot_model]: Loading robot model 'kr6_r900_sixx'...
[INFO] [1790433446.631926657] [moveit_3315224650.moveit.core.robot_model]: No root/virtual joint specified in SRDF. Assuming fixed joint
[WARN] [1790433447.635871867] [moveit_840399616]: exception thrown while creating node for logging: failed to create guard condition: context argument is null, at ./src/rcl/guard_condition.c:65
[WARN] [1790433447.636990138] [moveit_840399616]: if rclcpp::init was not called, messages from this logger may be missing from /rosout
[INFO] [1790433447.637881150] [moveit_840399616.moveit.core.robot_model]: Loading robot model 'kr6_r900_sixx'...
[INFO] [1790433447.638314778] [moveit_840399616.moveit.core.robot_model]: No root/virtual joint specified in SRDF. Assuming fixed joint
[WARN] [1790433448.635370383] [moveit_2484135871]: exception thrown while creating node for logging: failed to create guard condition: context argument is null, at ./src/rcl/guard_condition.c:65
[WARN] [1790433448.636773301] [moveit_2484135871]: if rclcpp::init was not called, messages from this logger may be missing from /rosout
[INFO] [1790433448.637853981] [moveit_2484135871.moveit.core.robot_model]: Loading robot model 'kr6_r900_sixx'...
[INFO] [1790433448.638289914] [moveit_2484135871.moveit.core.robot_model]: No root/virtual joint specified in SRDF. Assuming fixed joint
[WARN] [1790433449.634330103] [moveit_2837181007]: exception thrown while creating node for logging: failed to create guard condition: context argument is null, at ./src/rcl/guard_condition.c:65
[WARN] [1790433449.636201807] [moveit_2837181007]: if rclcpp::init was not called, messages from this logger may be missing from /rosout
[INFO] [1790433449.637201524] [moveit_2837181007.moveit.core.robot_model]: Loading robot model 'kr6_r900_sixx'...
[INFO] [1790433449.637608011] [moveit_2837181007.moveit.core.robot_model]: No root/virtual joint specified in SRDF. Assuming fixed joint
[WARN] [1790433450.639753564] [moveit_4189807592]: exception thrown while creating node for logging: failed to create guard condition: context argument is null, at ./src/rcl/guard_condition.c:65
[WARN] [1790433450.640766436] [moveit_4189807592]: if rclcpp::init was not called, messages from this logger may be missing from /rosout
[INFO] [1790433450.641560063] [moveit_4189807592.moveit.core.robot_model]: Loading robot model 'kr6_r900_sixx'...
[INFO] [1790433450.642014852] [moveit_4189807592.moveit.core.robot_model]: No root/virtual joint specified in SRDF. Assuming fixed joint
[WARN] [1790433451.624149894] [moveit_3209168787]: exception thrown while creating node for logging: failed to create guard condition: context argument is null, at ./src/rcl/guard_condition.c:65
[WARN] [1790433451.625810819] [moveit_3209168787]: if rclcpp::init was not called, messages from this logger may be missing from /rosout
[INFO] [1790433451.626782002] [moveit_3209168787.moveit.core.robot_model]: Loading robot model 'kr6_r900_sixx'...
[INFO] [1790433451.627182328] [moveit_3209168787.moveit.core.robot_model]: No root/virtual joint specified in SRDF. Assuming fixed joint
[WARN] [1790433452.620922266] [moveit_661651868]: exception thrown while creating node for logging: failed to create guard condition: context argument is null, at ./src/rcl/guard_condition.c:65
[WARN] [1790433452.621948813] [moveit_661651868]: if rclcpp::init was not called, messages from this logger may be missing from /rosout
[INFO] [1790433452.622777878] [moveit_661651868.moveit.core.robot_model]: Loading robot model 'kr6_r900_sixx'...
[INFO] [1790433452.623162604] [moveit_661651868.moveit.core.robot_model]: No root/virtual joint specified in SRDF. Assuming fixed joint
[WARN] [1790433453.614615106] [moveit_1318612604]: exception thrown while creating node for logging: failed to create guard condition: context argument is null, at ./src/rcl/guard_condition.c:65
[WARN] [1790433453.615687631] [moveit_1318612604]: if rclcpp::init was not called, messages from this logger may be missing from /rosout
[INFO] [1790433453.616908024] [moveit_1318612604.moveit.core.robot_model]: Loading robot model 'kr6_r900_sixx'...
[INFO] [1790433453.617452883] [moveit_1318612604.moveit.core.robot_model]: No root/virtual joint specified in SRDF. Assuming fixed joint
[WARN] [1790433454.613553160] [moveit_3955039702]: exception thrown while creating node for logging: failed to create guard condition: context argument is null, at ./src/rcl/guard_condition.c:65
[WARN] [1790433454.615182295] [moveit_3955039702]: if rclcpp::init was not called, messages from this logger may be missing from /rosout
[INFO] [1790433454.616236575] [moveit_3955039702.moveit.core.robot_model]: Loading robot model 'kr6_r900_sixx'...
[INFO] [1790433454.616843571] [moveit_3955039702.moveit.core.robot_model]: No root/virtual joint specified in SRDF. Assuming fixed joint
[WARN] [1790433455.604192128] [moveit_2044024423]: exception thrown while creating node for logging: failed to create guard condition: context argument is null, at ./src/rcl/guard_condition.c:65
[WARN] [1790433455.605473036] [moveit_2044024423]: if rclcpp::init was not called, messages from this logger may be missing from /rosout
[INFO] [1790433455.606370961] [moveit_2044024423.moveit.core.robot_model]: Loading robot model 'kr6_r900_sixx'...
[INFO] [1790433455.606666449] [moveit_2044024423.moveit.core.robot_model]: No root/virtual joint specified in SRDF. Assuming fixed joint
[WARN] [1790433456.608868674] [moveit_3515404128]: exception thrown while creating node for logging: failed to create guard condition: context argument is null, at ./src/rcl/guard_condition.c:65
[WARN] [1790433456.610078178] [moveit_3515404128]: if rclcpp::init was not called, messages from this logger may be missing from /rosout
[INFO] [1790433456.611077163] [moveit_3515404128.moveit.core.robot_model]: Loading robot model 'kr6_r900_sixx'...
[INFO] [1790433456.611465045] [moveit_3515404128.moveit.core.robot_model]: No root/virtual joint specified in SRDF. Assuming fixed joint
[WARN] [1790433457.624094885] [moveit_679155021]: exception thrown while creating node for logging: failed to create guard condition: context argument is null, at ./src/rcl/guard_condition.c:65
[WARN] [1790433457.625213747] [moveit_679155021]: if rclcpp::init was not called, messages from this logger may be missing from /rosout
[INFO] [1790433457.626267857] [moveit_679155021.moveit.core.robot_model]: Loading robot model 'kr6_r900_sixx'...
[INFO] [1790433457.626716624] [moveit_679155021.moveit.core.robot_model]: No root/virtual joint specified in SRDF. Assuming fixed joint
[WARN] [1790433458.621470619] [moveit_1199015204]: exception thrown while creating node for logging: failed to create guard condition: context argument is null, at ./src/rcl/guard_condition.c:65
[WARN] [1790433458.622847899] [moveit_1199015204]: if rclcpp::init was not called, messages from this logger may be missing from /rosout
[INFO] [1790433458.623765261] [moveit_1199015204.moveit.core.robot_model]: Loading robot model 'kr6_r900_sixx'...
[INFO] [1790433458.624188440] [moveit_1199015204.moveit.core.robot_model]: No root/virtual joint specified in SRDF. Assuming fixed joint
[WARN] [1790433459.626877223] [moveit_2356817689]: exception thrown while creating node for logging: failed to create guard condition: context argument is null, at ./src/rcl/guard_condition.c:65
[WARN] [1790433459.628100342] [moveit_2356817689]: if rclcpp::init was not called, messages from this logger may be missing from /rosout
[INFO] [1790433459.629070774] [moveit_2356817689.moveit.core.robot_model]: Loading robot model 'kr6_r900_sixx'...
[INFO] [1790433459.629542435] [moveit_2356817689.moveit.core.robot_model]: No root/virtual joint specified in SRDF. Assuming fixed joint
[WARN] [1790433460.627688583] [moveit_3126903314]: exception thrown while creating node for logging: failed to create guard condition: context argument is null, at ./src/rcl/guard_condition.c:65
[WARN] [1790433460.629375628] [moveit_3126903314]: if rclcpp::init was not called, messages from this logger may be missing from /rosout
[INFO] [1790433460.630427493] [moveit_3126903314.moveit.core.robot_model]: Loading robot model 'kr6_r900_sixx'...
[INFO] [1790433460.630855552] [moveit_3126903314.moveit.core.robot_model]: No root/virtual joint specified in SRDF. Assuming fixed joint
[WARN] [1790433461.623081259] [moveit_3931154055]: exception thrown while creating node for logging: failed to create guard condition: context argument is null, at ./src/rcl/guard_condition.c:65
[WARN] [1790433461.624310610] [moveit_3931154055]: if rclcpp::init was not called, messages from this logger may be missing from /rosout
[INFO] [1790433461.625398924] [moveit_3931154055.moveit.core.robot_model]: Loading robot model 'kr6_r900_sixx'...
[INFO] [1790433461.625873300] [moveit_3931154055.moveit.core.robot_model]: No root/virtual joint specified in SRDF. Assuming fixed joint
[WARN] [1790433462.614808711] [moveit_1616801667]: exception thrown while creating node for logging: failed to create guard condition: context argument is null, at ./src/rcl/guard_condition.c:65
[WARN] [1790433462.617829203] [moveit_1616801667]: if rclcpp::init was not called, messages from this logger may be missing from /rosout
[INFO] [1790433462.618927707] [moveit_1616801667.moveit.core.robot_model]: Loading robot model 'kr6_r900_sixx'...
[INFO] [1790433462.619796918] [moveit_1616801667.moveit.core.robot_model]: No root/virtual joint specified in SRDF. Assuming fixed joint
[WARN] [1790433463.616897794] [moveit_984300648]: exception thrown while creating node for logging: failed to create guard condition: context argument is null, at ./src/rcl/guard_condition.c:65
[WARN] [1790433463.618322523] [moveit_984300648]: if rclcpp::init was not called, messages from this logger may be missing from /rosout
[INFO] [1790433463.619334414] [moveit_984300648.moveit.core.robot_model]: Loading robot model 'kr6_r900_sixx'...
[INFO] [1790433463.619865075] [moveit_984300648.moveit.core.robot_model]: No root/virtual joint specified in SRDF. Assuming fixed joint
[WARN] [1790433464.629246805] [moveit_1000677991]: exception thrown while creating node for logging: failed to create guard condition: context argument is null, at ./src/rcl/guard_condition.c:65
[WARN] [1790433464.630600441] [moveit_1000677991]: if rclcpp::init was not called, messages from this logger may be missing from /rosout
[INFO] [1790433464.631762014] [moveit_1000677991.moveit.core.robot_model]: Loading robot model 'kr6_r900_sixx'...
[INFO] [1790433464.632230989] [moveit_1000677991.moveit.core.robot_model]: No root/virtual joint specified in SRDF. Assuming fixed joint
[WARN] [1790433465.632920951] [moveit_2960667951]: exception thrown while creating node for logging: failed to create guard condition: context argument is null, at ./src/rcl/guard_condition.c:65
[WARN] [1790433465.634320062] [moveit_2960667951]: if rclcpp::init was not called, messages from this logger may be missing from /rosout
[INFO] [1790433465.635443292] [moveit_2960667951.moveit.core.robot_model]: Loading robot model 'kr6_r900_sixx'...
[INFO] [1790433465.635971088] [moveit_2960667951.moveit.core.robot_model]: No root/virtual joint specified in SRDF. Assuming fixed joint
[WARN] [1790433466.624556158] [moveit_2231731757]: exception thrown while creating node for logging: failed to create guard condition: context argument is null, at ./src/rcl/guard_condition.c:65
[WARN] [1790433466.626129088] [moveit_2231731757]: if rclcpp::init was not called, messages from this logger may be missing from /rosout
[INFO] [1790433466.627302323] [moveit_2231731757.moveit.core.robot_model]: Loading robot model 'kr6_r900_sixx'...
[INFO] [1790433466.627886145] [moveit_2231731757.moveit.core.robot_model]: No root/virtual joint specified in SRDF. Assuming fixed joint
[WARN] [1790433467.629818612] [moveit_772795159]: exception thrown while creating node for logging: failed to create guard condition: context argument is null, at ./src/rcl/guard_condition.c:65
[WARN] [1790433467.631089602] [moveit_772795159]: if rclcpp::init was not called, messages from this logger may be missing from /rosout
[INFO] [1790433467.632156816] [moveit_772795159.moveit.core.robot_model]: Loading robot model 'kr6_r900_sixx'...
[INFO] [1790433467.632651400] [moveit_772795159.moveit.core.robot_model]: No root/virtual joint specified in SRDF. Assuming fixed joint
[WARN] [1790433468.604622776] [moveit_305799496]: exception thrown while creating node for logging: failed to create guard condition: context argument is null, at ./src/rcl/guard_condition.c:65
[WARN] [1790433468.605765824] [moveit_305799496]: if rclcpp::init was not called, messages from this logger may be missing from /rosout
[INFO] [1790433468.606780820] [moveit_305799496.moveit.core.robot_model]: Loading robot model 'kr6_r900_sixx'...
[INFO] [1790433468.607213858] [moveit_305799496.moveit.core.robot_model]: No root/virtual joint specified in SRDF. Assuming fixed joint
[WARN] [1790433469.600954702] [moveit_3871577574]: exception thrown while creating node for logging: failed to create guard condition: context argument is null, at ./src/rcl/guard_condition.c:65
[WARN] [1790433469.602031816] [moveit_3871577574]: if rclcpp::init was not called, messages from this logger may be missing from /rosout
[INFO] [1790433469.602980687] [moveit_3871577574.moveit.core.robot_model]: Loading robot model 'kr6_r900_sixx'...
[INFO] [1790433469.603376815] [moveit_3871577574.moveit.core.robot_model]: No root/virtual joint specified in SRDF. Assuming fixed joint
[WARN] [1790433470.585297982] [moveit_1140568458]: exception thrown while creating node for logging: failed to create guard condition: context argument is null, at ./src/rcl/guard_condition.c:65
[WARN] [1790433470.586554494] [moveit_1140568458]: if rclcpp::init was not called, messages from this logger may be missing from /rosout
[INFO] [1790433470.587547569] [moveit_1140568458.moveit.core.robot_model]: Loading robot model 'kr6_r900_sixx'...
[INFO] [1790433470.588014911] [moveit_1140568458.moveit.core.robot_model]: No root/virtual joint specified in SRDF. Assuming fixed joint
[WARN] [1790433471.576124623] [moveit_645289231]: exception thrown while creating node for logging: failed to create guard condition: context argument is null, at ./src/rcl/guard_condition.c:65
[WARN] [1790433471.577198280] [moveit_645289231]: if rclcpp::init was not called, messages from this logger may be missing from /rosout
[INFO] [1790433471.577969816] [moveit_645289231.moveit.core.robot_model]: Loading robot model 'kr6_r900_sixx'...
[INFO] [1790433471.578335938] [moveit_645289231.moveit.core.robot_model]: No root/virtual joint specified in SRDF. Assuming fixed joint
[WARN] [1790433472.579774976] [moveit_3702768375]: exception thrown while creating node for logging: failed to create guard condition: context argument is null, at ./src/rcl/guard_condition.c:65
[WARN] [1790433472.580867117] [moveit_3702768375]: if rclcpp::init was not called, messages from this logger may be missing from /rosout
[INFO] [1790433472.581626221] [moveit_3702768375.moveit.core.robot_model]: Loading robot model 'kr6_r900_sixx'...
[INFO] [1790433472.581967715] [moveit_3702768375.moveit.core.robot_model]: No root/virtual joint specified in SRDF. Assuming fixed joint
[WARN] [1790433473.579944103] [moveit_4032687665]: exception thrown while creating node for logging: failed to create guard condition: context argument is null, at ./src/rcl/guard_condition.c:65
[WARN] [1790433473.581109824] [moveit_4032687665]: if rclcpp::init was not called, messages from this logger may be missing from /rosout
[INFO] [1790433473.581781021] [moveit_4032687665.moveit.core.robot_model]: Loading robot model 'kr6_r900_sixx'...
[INFO] [1790433473.582111926] [moveit_4032687665.moveit.core.robot_model]: No root/virtual joint specified in SRDF. Assuming fixed joint
[WARN] [1790433474.586793984] [moveit_2686330604]: exception thrown while creating node for logging: failed to create guard condition: context argument is null, at ./src/rcl/guard_condition.c:65
[WARN] [1790433474.587845970] [moveit_2686330604]: if rclcpp::init was not called, messages from this logger may be missing from /rosout
[INFO] [1790433474.589193484] [moveit_2686330604.moveit.core.robot_model]: Loading robot model 'kr6_r900_sixx'...
[INFO] [1790433474.589616332] [moveit_2686330604.moveit.core.robot_model]: No root/virtual joint specified in SRDF. Assuming fixed joint
[WARN] [1790433475.575932847] [moveit_3884854673]: exception thrown while creating node for logging: failed to create guard condition: context argument is null, at ./src/rcl/guard_condition.c:65
[WARN] [1790433475.577368758] [moveit_3884854673]: if rclcpp::init was not called, messages from this logger may be missing from /rosout
[INFO] [1790433475.578313572] [moveit_3884854673.moveit.core.robot_model]: Loading robot model 'kr6_r900_sixx'...
[INFO] [1790433475.578717614] [moveit_3884854673.moveit.core.robot_model]: No root/virtual joint specified in SRDF. Assuming fixed joint
[WARN] [1790433476.584147263] [moveit_3239808117]: exception thrown while creating node for logging: failed to create guard condition: context argument is null, at ./src/rcl/guard_condition.c:65
[WARN] [1790433476.585809802] [moveit_3239808117]: if rclcpp::init was not called, messages from this logger may be missing from /rosout
[INFO] [1790433476.586840498] [moveit_3239808117.moveit.core.robot_model]: Loading robot model 'kr6_r900_sixx'...
[INFO] [1790433476.587193003] [moveit_3239808117.moveit.core.robot_model]: No root/virtual joint specified in SRDF. Assuming fixed joint
[WARN] [1790433477.561976322] [moveit_858302263]: exception thrown while creating node for logging: failed to create guard condition: context argument is null, at ./src/rcl/guard_condition.c:65
[WARN] [1790433477.563154819] [moveit_858302263]: if rclcpp::init was not called, messages from this logger may be missing from /rosout
[INFO] [1790433477.563901682] [moveit_858302263.moveit.core.robot_model]: Loading robot model 'kr6_r900_sixx'...
[INFO] [1790433477.564493726] [moveit_858302263.moveit.core.robot_model]: No root/virtual joint specified in SRDF. Assuming fixed joint
[WARN] [1790433478.559888756] [moveit_263589607]: exception thrown while creating node for logging: failed to create guard condition: context argument is null, at ./src/rcl/guard_condition.c:65
[WARN] [1790433478.561171774] [moveit_263589607]: if rclcpp::init was not called, messages from this logger may be missing from /rosout
[INFO] [1790433478.562130847] [moveit_263589607.moveit.core.robot_model]: Loading robot model 'kr6_r900_sixx'...
[INFO] [1790433478.562521923] [moveit_263589607.moveit.core.robot_model]: No root/virtual joint specified in SRDF. Assuming fixed joint
[WARN] [1790433479.550160606] [moveit_8780539]: exception thrown while creating node for logging: failed to create guard condition: context argument is null, at ./src/rcl/guard_condition.c:65
[WARN] [1790433479.551300589] [moveit_8780539]: if rclcpp::init was not called, messages from this logger may be missing from /rosout
[INFO] [1790433479.552135472] [moveit_8780539.moveit.core.robot_model]: Loading robot model 'kr6_r900_sixx'...
[INFO] [1790433479.552529172] [moveit_8780539.moveit.core.robot_model]: No root/virtual joint specified in SRDF. Assuming fixed joint
[WARN] [1790433480.535770661] [moveit_2440305096]: exception thrown while creating node for logging: failed to create guard condition: context argument is null, at ./src/rcl/guard_condition.c:65
[WARN] [1790433480.536780191] [moveit_2440305096]: if rclcpp::init was not called, messages from this logger may be missing from /rosout
[INFO] [1790433480.538116503] [moveit_2440305096.moveit.core.robot_model]: Loading robot model 'kr6_r900_sixx'...
[INFO] [1790433480.538476268] [moveit_2440305096.moveit.core.robot_model]: No root/virtual joint specified in SRDF. Assuming fixed joint
[WARN] [1790433481.536188545] [moveit_1181100235]: exception thrown while creating node for logging: failed to create guard condition: context argument is null, at ./src/rcl/guard_condition.c:65
[WARN] [1790433481.537668664] [moveit_1181100235]: if rclcpp::init was not called, messages from this logger may be missing from /rosout
[INFO] [1790433481.538663677] [moveit_1181100235.moveit.core.robot_model]: Loading robot model 'kr6_r900_sixx'...
[INFO] [1790433481.539114137] [moveit_1181100235.moveit.core.robot_model]: No root/virtual joint specified in SRDF. Assuming fixed joint
[WARN] [1790433482.543040678] [moveit_706494149]: exception thrown while creating node for logging: failed to create guard condition: context argument is null, at ./src/rcl/guard_condition.c:65
[WARN] [1790433482.544762515] [moveit_706494149]: if rclcpp::init was not called, messages from this logger may be missing from /rosout
[INFO] [1790433482.545813816] [moveit_706494149.moveit.core.robot_model]: Loading robot model 'kr6_r900_sixx'...
[INFO] [1790433482.546161878] [moveit_706494149.moveit.core.robot_model]: No root/virtual joint specified in SRDF. Assuming fixed joint
[WARN] [1790433483.539072775] [moveit_2368366733]: exception thrown while creating node for logging: failed to create guard condition: context argument is null, at ./src/rcl/guard_condition.c:65
[WARN] [1790433483.540287849] [moveit_2368366733]: if rclcpp::init was not called, messages from this logger may be missing from /rosout
[INFO] [1790433483.541353831] [moveit_2368366733.moveit.core.robot_model]: Loading robot model 'kr6_r900_sixx'...
[INFO] [1790433483.541825992] [moveit_2368366733.moveit.core.robot_model]: No root/virtual joint specified in SRDF. Assuming fixed joint
[WARN] [1790433484.536444667] [moveit_952018975]: exception thrown while creating node for logging: failed to create guard condition: context argument is null, at ./src/rcl/guard_condition.c:65
[WARN] [1790433484.537712761] [moveit_952018975]: if rclcpp::init was not called, messages from this logger may be missing from /rosout
[INFO] [1790433484.538620825] [moveit_952018975.moveit.core.robot_model]: Loading robot model 'kr6_r900_sixx'...
[INFO] [1790433484.538998979] [moveit_952018975.moveit.core.robot_model]: No root/virtual joint specified in SRDF. Assuming fixed joint
[WARN] [1790433485.530438042] [moveit_1873651769]: exception thrown while creating node for logging: failed to create guard condition: context argument is null, at ./src/rcl/guard_condition.c:65
[WARN] [1790433485.531601809] [moveit_1873651769]: if rclcpp::init was not called, messages from this logger may be missing from /rosout
[INFO] [1790433485.532322229] [moveit_1873651769.moveit.core.robot_model]: Loading robot model 'kr6_r900_sixx'...
[INFO] [1790433485.532680996] [moveit_1873651769.moveit.core.robot_model]: No root/virtual joint specified in SRDF. Assuming fixed joint
[WARN] [1790433486.513989671] [moveit_2011542170]: exception thrown while creating node for logging: failed to create guard condition: context argument is null, at ./src/rcl/guard_condition.c:65
[WARN] [1790433486.515164809] [moveit_2011542170]: if rclcpp::init was not called, messages from this logger may be missing from /rosout
[INFO] [1790433486.516144949] [moveit_2011542170.moveit.core.robot_model]: Loading robot model 'kr6_r900_sixx'...
[INFO] [1790433486.516630005] [moveit_2011542170.moveit.core.robot_model]: No root/virtual joint specified in SRDF. Assuming fixed joint
[WARN] [1790433487.515209733] [moveit_856943306]: exception thrown while creating node for logging: failed to create guard condition: context argument is null, at ./src/rcl/guard_condition.c:65
[WARN] [1790433487.516463009] [moveit_856943306]: if rclcpp::init was not called, messages from this logger may be missing from /rosout
[INFO] [1790433487.517526717] [moveit_856943306.moveit.core.robot_model]: Loading robot model 'kr6_r900_sixx'...
[INFO] [1790433487.518119526] [moveit_856943306.moveit.core.robot_model]: No root/virtual joint specified in SRDF. Assuming fixed joint
[WARN] [1790433488.517579807] [moveit_3759221430]: exception thrown while creating node for logging: failed to create guard condition: context argument is null, at ./src/rcl/guard_condition.c:65
[WARN] [1790433488.518846027] [moveit_3759221430]: if rclcpp::init was not called, messages from this logger may be missing from /rosout
[INFO] [1790433488.519940222] [moveit_3759221430.moveit.core.robot_model]: Loading robot model 'kr6_r900_sixx'...
[INFO] [1790433488.520341660] [moveit_3759221430.moveit.core.robot_model]: No root/virtual joint specified in SRDF. Assuming fixed joint
[WARN] [1790433489.513300878] [moveit_2293802582]: exception thrown while creating node for logging: failed to create guard condition: context argument is null, at ./src/rcl/guard_condition.c:65
[WARN] [1790433489.514413619] [moveit_2293802582]: if rclcpp::init was not called, messages from this logger may be missing from /rosout
[INFO] [1790433489.515288451] [moveit_2293802582.moveit.core.robot_model]: Loading robot model 'kr6_r900_sixx'...
[INFO] [1790433489.515745864] [moveit_2293802582.moveit.core.robot_model]: No root/virtual joint specified in SRDF. Assuming fixed joint
[WARN] [1790433490.523757326] [moveit_395564981]: exception thrown while creating node for logging: failed to create guard condition: context argument is null, at ./src/rcl/guard_condition.c:65
[WARN] [1790433490.524934969] [moveit_395564981]: if rclcpp::init was not called, messages from this logger may be missing from /rosout
[INFO] [1790433490.525855717] [moveit_395564981.moveit.core.robot_model]: Loading robot model 'kr6_r900_sixx'...
[INFO] [1790433490.526240293] [moveit_395564981.moveit.core.robot_model]: No root/virtual joint specified in SRDF. Assuming fixed joint
[WARN] [1790433491.510403758] [moveit_856413935]: exception thrown while creating node for logging: failed to create guard condition: context argument is null, at ./src/rcl/guard_condition.c:65
[WARN] [1790433491.511687491] [moveit_856413935]: if rclcpp::init was not called, messages from this logger may be missing from /rosout
[INFO] [1790433491.512408642] [moveit_856413935.moveit.core.robot_model]: Loading robot model 'kr6_r900_sixx'...
[INFO] [1790433491.512928804] [moveit_856413935.moveit.core.robot_model]: No root/virtual joint specified in SRDF. Assuming fixed joint
[WARN] [1790433492.506005584] [moveit_1846305669]: exception thrown while creating node for logging: failed to create guard condition: context argument is null, at ./src/rcl/guard_condition.c:65
[WARN] [1790433492.507129626] [moveit_1846305669]: if rclcpp::init was not called, messages from this logger may be missing from /rosout
[INFO] [1790433492.508076343] [moveit_1846305669.moveit.core.robot_model]: Loading robot model 'kr6_r900_sixx'...
[INFO] [1790433492.508613317] [moveit_1846305669.moveit.core.robot_model]: No root/virtual joint specified in SRDF. Assuming fixed joint
[WARN] [1790433493.512449701] [moveit_3993361441]: exception thrown while creating node for logging: failed to create guard condition: context argument is null, at ./src/rcl/guard_condition.c:65
[WARN] [1790433493.513928973] [moveit_3993361441]: if rclcpp::init was not called, messages from this logger may be missing from /rosout
[INFO] [1790433493.515144027] [moveit_3993361441.moveit.core.robot_model]: Loading robot model 'kr6_r900_sixx'...
[INFO] [1790433493.515575842] [moveit_3993361441.moveit.core.robot_model]: No root/virtual joint specified in SRDF. Assuming fixed joint
[WARN] [1790433494.513427045] [moveit_2474984630]: exception thrown while creating node for logging: failed to create guard condition: context argument is null, at ./src/rcl/guard_condition.c:65
[WARN] [1790433494.514758218] [moveit_2474984630]: if rclcpp::init was not called, messages from this logger may be missing from /rosout
[INFO] [1790433494.515804042] [moveit_2474984630.moveit.core.robot_model]: Loading robot model 'kr6_r900_sixx'...
[INFO] [1790433494.516288697] [moveit_2474984630.moveit.core.robot_model]: No root/virtual joint specified in SRDF. Assuming fixed joint
[WARN] [1790433495.498830504] [moveit_3903317757]: exception thrown while creating node for logging: failed to create guard condition: context argument is null, at ./src/rcl/guard_condition.c:65
[WARN] [1790433495.500118525] [moveit_3903317757]: if rclcpp::init was not called, messages from this logger may be missing from /rosout
[INFO] [1790433495.501088436] [moveit_3903317757.moveit.core.robot_model]: Loading robot model 'kr6_r900_sixx'...
[INFO] [1790433495.501598358] [moveit_3903317757.moveit.core.robot_model]: No root/virtual joint specified in SRDF. Assuming fixed joint
[WARN] [1790433496.484514763] [moveit_614404926]: exception thrown while creating node for logging: failed to create guard condition: context argument is null, at ./src/rcl/guard_condition.c:65
[WARN] [1790433496.485911679] [moveit_614404926]: if rclcpp::init was not called, messages from this logger may be missing from /rosout
[INFO] [1790433496.486888754] [moveit_614404926.moveit.core.robot_model]: Loading robot model 'kr6_r900_sixx'...
[INFO] [1790433496.487390381] [moveit_614404926.moveit.core.robot_model]: No root/virtual joint specified in SRDF. Assuming fixed joint
[WARN] [1790433497.476603220] [moveit_1710091463]: exception thrown while creating node for logging: failed to create guard condition: context argument is null, at ./src/rcl/guard_condition.c:65
[WARN] [1790433497.477640368] [moveit_1710091463]: if rclcpp::init was not called, messages from this logger may be missing from /rosout
[INFO] [1790433497.478383230] [moveit_1710091463.moveit.core.robot_model]: Loading robot model 'kr6_r900_sixx'...
[INFO] [1790433497.478744211] [moveit_1710091463.moveit.core.robot_model]: No root/virtual joint specified in SRDF. Assuming fixed joint
[WARN] [1790433498.470870760] [moveit_2716929591]: exception thrown while creating node for logging: failed to create guard condition: context argument is null, at ./src/rcl/guard_condition.c:65
[WARN] [1790433498.471994721] [moveit_2716929591]: if rclcpp::init was not called, messages from this logger may be missing from /rosout
[INFO] [1790433498.472850927] [moveit_2716929591.moveit.core.robot_model]: Loading robot model 'kr6_r900_sixx'...
[INFO] [1790433498.473353516] [moveit_2716929591.moveit.core.robot_model]: No root/virtual joint specified in SRDF. Assuming fixed joint
[WARN] [1790433499.456800552] [moveit_2010110677]: exception thrown while creating node for logging: failed to create guard condition: context argument is null, at ./src/rcl/guard_condition.c:65
[WARN] [1790433499.457888946] [moveit_2010110677]: if rclcpp::init was not called, messages from this logger may be missing from /rosout
[INFO] [1790433499.458737528] [moveit_2010110677.moveit.core.robot_model]: Loading robot model 'kr6_r900_sixx'...
[INFO] [1790433499.459078361] [moveit_2010110677.moveit.core.robot_model]: No root/virtual joint specified in SRDF. Assuming fixed joint
[WARN] [1790433500.435500558] [moveit_1448796675]: exception thrown while creating node for logging: failed to create guard condition: context argument is null, at ./src/rcl/guard_condition.c:65
[WARN] [1790433500.436841148] [moveit_1448796675]: if rclcpp::init was not called, messages from this logger may be missing from /rosout
[INFO] [1790433500.437803485] [moveit_1448796675.moveit.core.robot_model]: Loading robot model 'kr6_r900_sixx'...
[INFO] [1790433500.438236973] [moveit_1448796675.moveit.core.robot_model]: No root/virtual joint specified in SRDF. Assuming fixed joint
[WARN] [1790433501.410254764] [moveit_3326577379]: exception thrown while creating node for logging: failed to create guard condition: context argument is null, at ./src/rcl/guard_condition.c:65
[WARN] [1790433501.411505051] [moveit_3326577379]: if rclcpp::init was not called, messages from this logger may be missing from /rosout
[INFO] [1790433501.412623939] [moveit_3326577379.moveit.core.robot_model]: Loading robot model 'kr6_r900_sixx'...
[INFO] [1790433501.413142426] [moveit_3326577379.moveit.core.robot_model]: No root/virtual joint specified in SRDF. Assuming fixed joint
[WARN] [1790433502.413493866] [moveit_568419106]: exception thrown while creating node for logging: failed to create guard condition: context argument is null, at ./src/rcl/guard_condition.c:65
[WARN] [1790433502.414660725] [moveit_568419106]: if rclcpp::init was not called, messages from this logger may be missing from /rosout
[INFO] [1790433502.415508733] [moveit_568419106.moveit.core.robot_model]: Loading robot model 'kr6_r900_sixx'...
[INFO] [1790433502.415845908] [moveit_568419106.moveit.core.robot_model]: No root/virtual joint specified in SRDF. Assuming fixed joint
[WARN] [1790433503.403145721] [moveit_1509006324]: exception thrown while creating node for logging: failed to create guard condition: context argument is null, at ./src/rcl/guard_condition.c:65
[WARN] [1790433503.404348307] [moveit_1509006324]: if rclcpp::init was not called, messages from this logger may be missing from /rosout
[INFO] [1790433503.405236531] [moveit_1509006324.moveit.core.robot_model]: Loading robot model 'kr6_r900_sixx'...
[INFO] [1790433503.405591610] [moveit_1509006324.moveit.core.robot_model]: No root/virtual joint specified in SRDF. Assuming fixed joint
[WARN] [1790433504.385648075] [moveit_2272166260]: exception thrown while creating node for logging: failed to create guard condition: context argument is null, at ./src/rcl/guard_condition.c:65
[WARN] [1790433504.386733180] [moveit_2272166260]: if rclcpp::init was not called, messages from this logger may be missing from /rosout
[INFO] [1790433504.387633877] [moveit_2272166260.moveit.core.robot_model]: Loading robot model 'kr6_r900_sixx'...
[INFO] [1790433504.388035553] [moveit_2272166260.moveit.core.robot_model]: No root/virtual joint specified in SRDF. Assuming fixed joint
[WARN] [1790433505.393732130] [moveit_1175852936]: exception thrown while creating node for logging: failed to create guard condition: context argument is null, at ./src/rcl/guard_condition.c:65
[WARN] [1790433505.395040075] [moveit_1175852936]: if rclcpp::init was not called, messages from this logger may be missing from /rosout
[INFO] [1790433505.396059055] [moveit_1175852936.moveit.core.robot_model]: Loading robot model 'kr6_r900_sixx'...
[INFO] [1790433505.396501158] [moveit_1175852936.moveit.core.robot_model]: No root/virtual joint specified in SRDF. Assuming fixed joint
[WARN] [1790433506.395489735] [moveit_1818984132]: exception thrown while creating node for logging: failed to create guard condition: context argument is null, at ./src/rcl/guard_condition.c:65
[WARN] [1790433506.396753326] [moveit_1818984132]: if rclcpp::init was not called, messages from this logger may be missing from /rosout
[INFO] [1790433506.397624448] [moveit_1818984132.moveit.core.robot_model]: Loading robot model 'kr6_r900_sixx'...
[INFO] [1790433506.398079084] [moveit_1818984132.moveit.core.robot_model]: No root/virtual joint specified in SRDF. Assuming fixed joint
[WARN] [1790433507.393733689] [moveit_2174568200]: exception thrown while creating node for logging: failed to create guard condition: context argument is null, at ./src/rcl/guard_condition.c:65
[WARN] [1790433507.394958016] [moveit_2174568200]: if rclcpp::init was not called, messages from this logger may be missing from /rosout
[INFO] [1790433507.395826934] [moveit_2174568200.moveit.core.robot_model]: Loading robot model 'kr6_r900_sixx'...
[INFO] [1790433507.396240262] [moveit_2174568200.moveit.core.robot_model]: No root/virtual joint specified in SRDF. Assuming fixed joint
[WARN] [1790433508.395508106] [moveit_3343239644]: exception thrown while creating node for logging: failed to create guard condition: context argument is null, at ./src/rcl/guard_condition.c:65
[WARN] [1790433508.396958589] [moveit_3343239644]: if rclcpp::init was not called, messages from this logger may be missing from /rosout
[INFO] [1790433508.397880106] [moveit_3343239644.moveit.core.robot_model]: Loading robot model 'kr6_r900_sixx'...
[INFO] [1790433508.398334492] [moveit_3343239644.moveit.core.robot_model]: No root/virtual joint specified in SRDF. Assuming fixed joint
[WARN] [1790433509.396320301] [moveit_177683464]: exception thrown while creating node for logging: failed to create guard condition: context argument is null, at ./src/rcl/guard_condition.c:65
[WARN] [1790433509.397597895] [moveit_177683464]: if rclcpp::init was not called, messages from this logger may be missing from /rosout
[INFO] [1790433509.398620395] [moveit_177683464.moveit.core.robot_model]: Loading robot model 'kr6_r900_sixx'...
[INFO] [1790433509.399113000] [moveit_177683464.moveit.core.robot_model]: No root/virtual joint specified in SRDF. Assuming fixed joint
[WARN] [1790433510.388004514] [moveit_3700403676]: exception thrown while creating node for logging: failed to create guard condition: context argument is null, at ./src/rcl/guard_condition.c:65
[WARN] [1790433510.389081968] [moveit_3700403676]: if rclcpp::init was not called, messages from this logger may be missing from /rosout
[INFO] [1790433510.390010861] [moveit_3700403676.moveit.core.robot_model]: Loading robot model 'kr6_r900_sixx'...
[INFO] [1790433510.390349633] [moveit_3700403676.moveit.core.robot_model]: No root/virtual joint specified in SRDF. Assuming fixed joint
[WARN] [1790433511.375278699] [moveit_2924496845]: exception thrown while creating node for logging: failed to create guard condition: context argument is null, at ./src/rcl/guard_condition.c:65
[WARN] [1790433511.376255973] [moveit_2924496845]: if rclcpp::init was not called, messages from this logger may be missing from /rosout
[INFO] [1790433511.378029488] [moveit_2924496845.moveit.core.robot_model]: Loading robot model 'kr6_r900_sixx'...
[INFO] [1790433511.378555486] [moveit_2924496845.moveit.core.robot_model]: No root/virtual joint specified in SRDF. Assuming fixed joint
[WARN] [1790433512.383972022] [moveit_3570032829]: exception thrown while creating node for logging: failed to create guard condition: context argument is null, at ./src/rcl/guard_condition.c:65
[WARN] [1790433512.385312205] [moveit_3570032829]: if rclcpp::init was not called, messages from this logger may be missing from /rosout
[INFO] [1790433512.386085092] [moveit_3570032829.moveit.core.robot_model]: Loading robot model 'kr6_r900_sixx'...
[INFO] [1790433512.386351918] [moveit_3570032829.moveit.core.robot_model]: No root/virtual joint specified in SRDF. Assuming fixed joint
[WARN] [1790433513.377577841] [moveit_1414936606]: exception thrown while creating node for logging: failed to create guard condition: context argument is null, at ./src/rcl/guard_condition.c:65
[WARN] [1790433513.378516542] [moveit_1414936606]: if rclcpp::init was not called, messages from this logger may be missing from /rosout
[INFO] [1790433513.379297904] [moveit_1414936606.moveit.core.robot_model]: Loading robot model 'kr6_r900_sixx'...
[INFO] [1790433513.379693184] [moveit_1414936606.moveit.core.robot_model]: No root/virtual joint specified in SRDF. Assuming fixed joint
[WARN] [1790433514.392378321] [moveit_3543233382]: exception thrown while creating node for logging: failed to create guard condition: context argument is null, at ./src/rcl/guard_condition.c:65
[WARN] [1790433514.393544123] [moveit_3543233382]: if rclcpp::init was not called, messages from this logger may be missing from /rosout
[INFO] [1790433514.394445002] [moveit_3543233382.moveit.core.robot_model]: Loading robot model 'kr6_r900_sixx'...
[INFO] [1790433514.394921817] [moveit_3543233382.moveit.core.robot_model]: No root/virtual joint specified in SRDF. Assuming fixed joint
[WARN] [1790433515.394946103] [moveit_3456253884]: exception thrown while creating node for logging: failed to create guard condition: context argument is null, at ./src/rcl/guard_condition.c:65
[WARN] [1790433515.396395122] [moveit_3456253884]: if rclcpp::init was not called, messages from this logger may be missing from /rosout
[INFO] [1790433515.397454722] [moveit_3456253884.moveit.core.robot_model]: Loading robot model 'kr6_r900_sixx'...
[INFO] [1790433515.397952637] [moveit_3456253884.moveit.core.robot_model]: No root/virtual joint specified in SRDF. Assuming fixed joint
[WARN] [1790433516.384510333] [moveit_2030828260]: exception thrown while creating node for logging: failed to create guard condition: context argument is null, at ./src/rcl/guard_condition.c:65
[WARN] [1790433516.386005901] [moveit_2030828260]: if rclcpp::init was not called, messages from this logger may be missing from /rosout
[INFO] [1790433516.387206148] [moveit_2030828260.moveit.core.robot_model]: Loading robot model 'kr6_r900_sixx'...
[INFO] [1790433516.387825513] [moveit_2030828260.moveit.core.robot_model]: No root/virtual joint specified in SRDF. Assuming fixed joint
[WARN] [1790433517.371055944] [moveit_3898357506]: exception thrown while creating node for logging: failed to create guard condition: context argument is null, at ./src/rcl/guard_condition.c:65
[WARN] [1790433517.372336651] [moveit_3898357506]: if rclcpp::init was not called, messages from this logger may be missing from /rosout
[INFO] [1790433517.373418104] [moveit_3898357506.moveit.core.robot_model]: Loading robot model 'kr6_r900_sixx'...
[INFO] [1790433517.374004534] [moveit_3898357506.moveit.core.robot_model]: No root/virtual joint specified in SRDF. Assuming fixed joint
[WARN] [1790433518.373268080] [moveit_290995837]: exception thrown while creating node for logging: failed to create guard condition: context argument is null, at ./src/rcl/guard_condition.c:65
[WARN] [1790433518.374676503] [moveit_290995837]: if rclcpp::init was not called, messages from this logger may be missing from /rosout
[INFO] [1790433518.375727888] [moveit_290995837.moveit.core.robot_model]: Loading robot model 'kr6_r900_sixx'...
[INFO] [1790433518.376151945] [moveit_290995837.moveit.core.robot_model]: No root/virtual joint specified in SRDF. Assuming fixed joint
[WARN] [1790433519.376504498] [moveit_144850320]: exception thrown while creating node for logging: failed to create guard condition: context argument is null, at ./src/rcl/guard_condition.c:65
[WARN] [1790433519.377554370] [moveit_144850320]: if rclcpp::init was not called, messages from this logger may be missing from /rosout
[INFO] [1790433519.378603350] [moveit_144850320.moveit.core.robot_model]: Loading robot model 'kr6_r900_sixx'...
[INFO] [1790433519.379136467] [moveit_144850320.moveit.core.robot_model]: No root/virtual joint specified in SRDF. Assuming fixed joint
[WARN] [1790433520.368305831] [moveit_945259858]: exception thrown while creating node for logging: failed to create guard condition: context argument is null, at ./src/rcl/guard_condition.c:65
[WARN] [1790433520.369702251] [moveit_945259858]: if rclcpp::init was not called, messages from this logger may be missing from /rosout
[INFO] [1790433520.370709481] [moveit_945259858.moveit.core.robot_model]: Loading robot model 'kr6_r900_sixx'...
[INFO] [1790433520.371107107] [moveit_945259858.moveit.core.robot_model]: No root/virtual joint specified in SRDF. Assuming fixed joint
[WARN] [1790433521.367078191] [moveit_3832844065]: exception thrown while creating node for logging: failed to create guard condition: context argument is null, at ./src/rcl/guard_condition.c:65
[WARN] [1790433521.368428983] [moveit_3832844065]: if rclcpp::init was not called, messages from this logger may be missing from /rosout
[INFO] [1790433521.369555823] [moveit_3832844065.moveit.core.robot_model]: Loading robot model 'kr6_r900_sixx'...
[INFO] [1790433521.370047511] [moveit_3832844065.moveit.core.robot_model]: No root/virtual joint specified in SRDF. Assuming fixed joint
[WARN] [1790433522.357083103] [moveit_1316435566]: exception thrown while creating node for logging: failed to create guard condition: context argument is null, at ./src/rcl/guard_condition.c:65
[WARN] [1790433522.358241444] [moveit_1316435566]: if rclcpp::init was not called, messages from this logger may be missing from /rosout
[INFO] [1790433522.359222915] [moveit_1316435566.moveit.core.robot_model]: Loading robot model 'kr6_r900_sixx'...
[INFO] [1790433522.359660558] [moveit_1316435566.moveit.core.robot_model]: No root/virtual joint specified in SRDF. Assuming fixed joint
[WARN] [1790433523.351018808] [moveit_3246802503]: exception thrown while creating node for logging: failed to create guard condition: context argument is null, at ./src/rcl/guard_condition.c:65
[WARN] [1790433523.352098237] [moveit_3246802503]: if rclcpp::init was not called, messages from this logger may be missing from /rosout
[INFO] [1790433523.352891835] [moveit_3246802503.moveit.core.robot_model]: Loading robot model 'kr6_r900_sixx'...
[INFO] [1790433523.353213836] [moveit_3246802503.moveit.core.robot_model]: No root/virtual joint specified in SRDF. Assuming fixed joint
[WARN] [1790433524.353068600] [moveit_1648638143]: exception thrown while creating node for logging: failed to create guard condition: context argument is null, at ./src/rcl/guard_condition.c:65
[WARN] [1790433524.355649321] [moveit_1648638143]: if rclcpp::init was not called, messages from this logger may be missing from /rosout
[INFO] [1790433524.356315755] [moveit_1648638143.moveit.core.robot_model]: Loading robot model 'kr6_r900_sixx'...
[INFO] [1790433524.356624590] [moveit_1648638143.moveit.core.robot_model]: No root/virtual joint specified in SRDF. Assuming fixed joint
[WARN] [1790433525.345125575] [moveit_2453340059]: exception thrown while creating node for logging: failed to create guard condition: context argument is null, at ./src/rcl/guard_condition.c:65
[WARN] [1790433525.346171382] [moveit_2453340059]: if rclcpp::init was not called, messages from this logger may be missing from /rosout
[INFO] [1790433525.347049678] [moveit_2453340059.moveit.core.robot_model]: Loading robot model 'kr6_r900_sixx'...
[INFO] [1790433525.347488666] [moveit_2453340059.moveit.core.robot_model]: No root/virtual joint specified in SRDF. Assuming fixed joint
[WARN] [1790433526.335076929] [moveit_2611421766]: exception thrown while creating node for logging: failed to create guard condition: context argument is null, at ./src/rcl/guard_condition.c:65
[WARN] [1790433526.336217784] [moveit_2611421766]: if rclcpp::init was not called, messages from this logger may be missing from /rosout
[INFO] [1790433526.336867288] [moveit_2611421766.moveit.core.robot_model]: Loading robot model 'kr6_r900_sixx'...
[INFO] [1790433526.337233702] [moveit_2611421766.moveit.core.robot_model]: No root/virtual joint specified in SRDF. Assuming fixed joint
[WARN] [1790433527.328499835] [moveit_3332855584]: exception thrown while creating node for logging: failed to create guard condition: context argument is null, at ./src/rcl/guard_condition.c:65
[WARN] [1790433527.329473871] [moveit_3332855584]: if rclcpp::init was not called, messages from this logger may be missing from /rosout
[INFO] [1790433527.330298340] [moveit_3332855584.moveit.core.robot_model]: Loading robot model 'kr6_r900_sixx'...
[INFO] [1790433527.330731336] [moveit_3332855584.moveit.core.robot_model]: No root/virtual joint specified in SRDF. Assuming fixed joint
[WARN] [1790433528.326644926] [moveit_1929928321]: exception thrown while creating node for logging: failed to create guard condition: context argument is null, at ./src/rcl/guard_condition.c:65
[WARN] [1790433528.327744860] [moveit_1929928321]: if rclcpp::init was not called, messages from this logger may be missing from /rosout
[INFO] [1790433528.328668516] [moveit_1929928321.moveit.core.robot_model]: Loading robot model 'kr6_r900_sixx'...
[INFO] [1790433528.329171730] [moveit_1929928321.moveit.core.robot_model]: No root/virtual joint specified in SRDF. Assuming fixed joint
[WARN] [1790433529.323088693] [moveit_852555274]: exception thrown while creating node for logging: failed to create guard condition: context argument is null, at ./src/rcl/guard_condition.c:65
[WARN] [1790433529.324155782] [moveit_852555274]: if rclcpp::init was not called, messages from this logger may be missing from /rosout
[INFO] [1790433529.325027285] [moveit_852555274.moveit.core.robot_model]: Loading robot model 'kr6_r900_sixx'...
[INFO] [1790433529.325379962] [moveit_852555274.moveit.core.robot_model]: No root/virtual joint specified in SRDF. Assuming fixed joint
[WARN] [1790433530.316977860] [moveit_739131927]: exception thrown while creating node for logging: failed to create guard condition: context argument is null, at ./src/rcl/guard_condition.c:65
[WARN] [1790433530.318371546] [moveit_739131927]: if rclcpp::init was not called, messages from this logger may be missing from /rosout
[INFO] [1790433530.319503493] [moveit_739131927.moveit.core.robot_model]: Loading robot model 'kr6_r900_sixx'...
[INFO] [1790433530.320037298] [moveit_739131927.moveit.core.robot_model]: No root/virtual joint specified in SRDF. Assuming fixed joint
[WARN] [1790433531.301608348] [moveit_1793799968]: exception thrown while creating node for logging: failed to create guard condition: context argument is null, at ./src/rcl/guard_condition.c:65
[WARN] [1790433531.302595896] [moveit_1793799968]: if rclcpp::init was not called, messages from this logger may be missing from /rosout
[INFO] [1790433531.303348639] [moveit_1793799968.moveit.core.robot_model]: Loading robot model 'kr6_r900_sixx'...
[INFO] [1790433531.303794733] [moveit_1793799968.moveit.core.robot_model]: No root/virtual joint specified in SRDF. Assuming fixed joint
[WARN] [1790433532.297045704] [moveit_2979584530]: exception thrown while creating node for logging: failed to create guard condition: context argument is null, at ./src/rcl/guard_condition.c:65
[WARN] [1790433532.298212311] [moveit_2979584530]: if rclcpp::init was not called, messages from this logger may be missing from /rosout
[INFO] [1790433532.299248981] [moveit_2979584530.moveit.core.robot_model]: Loading robot model 'kr6_r900_sixx'...
[INFO] [1790433532.299720343] [moveit_2979584530.moveit.core.robot_model]: No root/virtual joint specified in SRDF. Assuming fixed joint
[WARN] [1790433533.276965947] [moveit_3199442994]: exception thrown while creating node for logging: failed to create guard condition: context argument is null, at ./src/rcl/guard_condition.c:65
[WARN] [1790433533.278233885] [moveit_3199442994]: if rclcpp::init was not called, messages from this logger may be missing from /rosout
[INFO] [1790433533.279113404] [moveit_3199442994.moveit.core.robot_model]: Loading robot model 'kr6_r900_sixx'...
[INFO] [1790433533.279504738] [moveit_3199442994.moveit.core.robot_model]: No root/virtual joint specified in SRDF. Assuming fixed joint
[WARN] [1790433534.274108611] [moveit_4276139913]: exception thrown while creating node for logging: failed to create guard condition: context argument is null, at ./src/rcl/guard_condition.c:65
[WARN] [1790433534.275363324] [moveit_4276139913]: if rclcpp::init was not called, messages from this logger may be missing from /rosout
[INFO] [1790433534.276511366] [moveit_4276139913.moveit.core.robot_model]: Loading robot model 'kr6_r900_sixx'...
[INFO] [1790433534.277096483] [moveit_4276139913.moveit.core.robot_model]: No root/virtual joint specified in SRDF. Assuming fixed joint
[WARN] [1790433535.274922198] [moveit_1278719192]: exception thrown while creating node for logging: failed to create guard condition: context argument is null, at ./src/rcl/guard_condition.c:65
[WARN] [1790433535.276623077] [moveit_1278719192]: if rclcpp::init was not called, messages from this logger may be missing from /rosout
[INFO] [1790433535.277634123] [moveit_1278719192.moveit.core.robot_model]: Loading robot model 'kr6_r900_sixx'...
[INFO] [1790433535.278017431] [moveit_1278719192.moveit.core.robot_model]: No root/virtual joint specified in SRDF. Assuming fixed joint
[WARN] [1790433536.266027822] [moveit_3415000796]: exception thrown while creating node for logging: failed to create guard condition: context argument is null, at ./src/rcl/guard_condition.c:65
[WARN] [1790433536.267703383] [moveit_3415000796]: if rclcpp::init was not called, messages from this logger may be missing from /rosout
[INFO] [1790433536.268774011] [moveit_3415000796.moveit.core.robot_model]: Loading robot model 'kr6_r900_sixx'...
[INFO] [1790433536.269154154] [moveit_3415000796.moveit.core.robot_model]: No root/virtual joint specified in SRDF. Assuming fixed joint
[WARN] [1790433537.255653280] [moveit_177243094]: exception thrown while creating node for logging: failed to create guard condition: context argument is null, at ./src/rcl/guard_condition.c:65
[WARN] [1790433537.256889347] [moveit_177243094]: if rclcpp::init was not called, messages from this logger may be missing from /rosout
[INFO] [1790433537.257663339] [moveit_177243094.moveit.core.robot_model]: Loading robot model 'kr6_r900_sixx'...
[INFO] [1790433537.258097372] [moveit_177243094.moveit.core.robot_model]: No root/virtual joint specified in SRDF. Assuming fixed joint
[WARN] [1790433538.265633615] [moveit_63715427]: exception thrown while creating node for logging: failed to create guard condition: context argument is null, at ./src/rcl/guard_condition.c:65
[WARN] [1790433538.266806464] [moveit_63715427]: if rclcpp::init was not called, messages from this logger may be missing from /rosout
[INFO] [1790433538.267846133] [moveit_63715427.moveit.core.robot_model]: Loading robot model 'kr6_r900_sixx'...
[INFO] [1790433538.268208713] [moveit_63715427.moveit.core.robot_model]: No root/virtual joint specified in SRDF. Assuming fixed joint
[WARN] [1790433539.182419455] [moveit_572314804]: exception thrown while creating node for logging: failed to create guard condition: context argument is null, at ./src/rcl/guard_condition.c:65
[WARN] [1790433539.183631418] [moveit_572314804]: if rclcpp::init was not called, messages from this logger may be missing from /rosout
[INFO] [1790433539.184487252] [moveit_572314804.moveit.core.robot_model]: Loading robot model 'kr6_r900_sixx'...
[INFO] [1790433539.184953336] [moveit_572314804.moveit.core.robot_model]: No root/virtual joint specified in SRDF. Assuming fixed joint
[WARN] [1790433539.980118942] [moveit_1351031796]: exception thrown while creating node for logging: failed to create guard condition: context argument is null, at ./src/rcl/guard_condition.c:65
[WARN] [1790433539.981387290] [moveit_1351031796]: if rclcpp::init was not called, messages from this logger may be missing from /rosout
[INFO] [1790433539.982235451] [moveit_1351031796.moveit.core.robot_model]: Loading robot model 'kr6_r900_sixx'...
[INFO] [1790433539.982709630] [moveit_1351031796.moveit.core.robot_model]: No root/virtual joint specified in SRDF. Assuming fixed joint
[WARN] [1790433540.975014758] [moveit_2236981720]: exception thrown while creating node for logging: failed to create guard condition: context argument is null, at ./src/rcl/guard_condition.c:65
[WARN] [1790433540.976429620] [moveit_2236981720]: if rclcpp::init was not called, messages from this logger may be missing from /rosout
[INFO] [1790433540.977531152] [moveit_2236981720.moveit.core.robot_model]: Loading robot model 'kr6_r900_sixx'...
[INFO] [1790433540.978012172] [moveit_2236981720.moveit.core.robot_model]: No root/virtual joint specified in SRDF. Assuming fixed joint
[WARN] [1790433541.959164946] [moveit_270363338]: exception thrown while creating node for logging: failed to create guard condition: context argument is null, at ./src/rcl/guard_condition.c:65
[WARN] [1790433541.960320496] [moveit_270363338]: if rclcpp::init was not called, messages from this logger may be missing from /rosout
[INFO] [1790433541.961327537] [moveit_270363338.moveit.core.robot_model]: Loading robot model 'kr6_r900_sixx'...
[INFO] [1790433541.961790671] [moveit_270363338.moveit.core.robot_model]: No root/virtual joint specified in SRDF. Assuming fixed joint
[WARN] [1790433542.944232545] [moveit_1680738541]: exception thrown while creating node for logging: failed to create guard condition: context argument is null, at ./src/rcl/guard_condition.c:65
[WARN] [1790433542.945547346] [moveit_1680738541]: if rclcpp::init was not called, messages from this logger may be missing from /rosout
[INFO] [1790433542.946649268] [moveit_1680738541.moveit.core.robot_model]: Loading robot model 'kr6_r900_sixx'...
[INFO] [1790433542.947163495] [moveit_1680738541.moveit.core.robot_model]: No root/virtual joint specified in SRDF. Assuming fixed joint
[WARN] [1790433543.940121224] [moveit_352466499]: exception thrown while creating node for logging: failed to create guard condition: context argument is null, at ./src/rcl/guard_condition.c:65
[WARN] [1790433543.941290262] [moveit_352466499]: if rclcpp::init was not called, messages from this logger may be missing from /rosout
[INFO] [1790433543.942273735] [moveit_352466499.moveit.core.robot_model]: Loading robot model 'kr6_r900_sixx'...
[INFO] [1790433543.942753632] [moveit_352466499.moveit.core.robot_model]: No root/virtual joint specified in SRDF. Assuming fixed joint
[WARN] [1790433544.930039725] [moveit_2330863957]: exception thrown while creating node for logging: failed to create guard condition: context argument is null, at ./src/rcl/guard_condition.c:65
[WARN] [1790433544.931128731] [moveit_2330863957]: if rclcpp::init was not called, messages from this logger may be missing from /rosout
[INFO] [1790433544.932055510] [moveit_2330863957.moveit.core.robot_model]: Loading robot model 'kr6_r900_sixx'...
[INFO] [1790433544.932466459] [moveit_2330863957.moveit.core.robot_model]: No root/virtual joint specified in SRDF. Assuming fixed joint
[WARN] [1790433545.927144306] [moveit_829689946]: exception thrown while creating node for logging: failed to create guard condition: context argument is null, at ./src/rcl/guard_condition.c:65
[WARN] [1790433545.928370699] [moveit_829689946]: if rclcpp::init was not called, messages from this logger may be missing from /rosout
[INFO] [1790433545.929341005] [moveit_829689946.moveit.core.robot_model]: Loading robot model 'kr6_r900_sixx'...
[INFO] [1790433545.929791143] [moveit_829689946.moveit.core.robot_model]: No root/virtual joint specified in SRDF. Assuming fixed joint
[WARN] [1790433546.914393273] [moveit_620215533]: exception thrown while creating node for logging: failed to create guard condition: context argument is null, at ./src/rcl/guard_condition.c:65
[WARN] [1790433546.915534725] [moveit_620215533]: if rclcpp::init was not called, messages from this logger may be missing from /rosout
[INFO] [1790433546.916290239] [moveit_620215533.moveit.core.robot_model]: Loading robot model 'kr6_r900_sixx'...
[INFO] [1790433546.916700576] [moveit_620215533.moveit.core.robot_model]: No root/virtual joint specified in SRDF. Assuming fixed joint
[WARN] [1790433547.905380649] [moveit_2815119376]: exception thrown while creating node for logging: failed to create guard condition: context argument is null, at ./src/rcl/guard_condition.c:65
[WARN] [1790433547.906459084] [moveit_2815119376]: if rclcpp::init was not called, messages from this logger may be missing from /rosout
[INFO] [1790433547.907547980] [moveit_2815119376.moveit.core.robot_model]: Loading robot model 'kr6_r900_sixx'...
[INFO] [1790433547.907954349] [moveit_2815119376.moveit.core.robot_model]: No root/virtual joint specified in SRDF. Assuming fixed joint
[WARN] [1790433548.900108547] [moveit_3222104442]: exception thrown while creating node for logging: failed to create guard condition: context argument is null, at ./src/rcl/guard_condition.c:65
[WARN] [1790433548.901338125] [moveit_3222104442]: if rclcpp::init was not called, messages from this logger may be missing from /rosout
[INFO] [1790433548.902377563] [moveit_3222104442.moveit.core.robot_model]: Loading robot model 'kr6_r900_sixx'...
[INFO] [1790433548.902942924] [moveit_3222104442.moveit.core.robot_model]: No root/virtual joint specified in SRDF. Assuming fixed joint
[WARN] [1790433549.885469491] [moveit_3316660660]: exception thrown while creating node for logging: failed to create guard condition: context argument is null, at ./src/rcl/guard_condition.c:65
[WARN] [1790433549.887175671] [moveit_3316660660]: if rclcpp::init was not called, messages from this logger may be missing from /rosout
[INFO] [1790433549.888313886] [moveit_3316660660.moveit.core.robot_model]: Loading robot model 'kr6_r900_sixx'...
[INFO] [1790433549.888996867] [moveit_3316660660.moveit.core.robot_model]: No root/virtual joint specified in SRDF. Assuming fixed joint
[WARN] [1790433550.866369093] [moveit_3306500424]: exception thrown while creating node for logging: failed to create guard condition: context argument is null, at ./src/rcl/guard_condition.c:65
[WARN] [1790433550.867327874] [moveit_3306500424]: if rclcpp::init was not called, messages from this logger may be missing from /rosout
[INFO] [1790433550.868073249] [moveit_3306500424.moveit.core.robot_model]: Loading robot model 'kr6_r900_sixx'...
[INFO] [1790433550.868363310] [moveit_3306500424.moveit.core.robot_model]: No root/virtual joint specified in SRDF. Assuming fixed joint
[WARN] [1790433551.865149128] [moveit_797587861]: exception thrown while creating node for logging: failed to create guard condition: context argument is null, at ./src/rcl/guard_condition.c:65
[WARN] [1790433551.866375411] [moveit_797587861]: if rclcpp::init was not called, messages from this logger may be missing from /rosout
[INFO] [1790433551.867506902] [moveit_797587861.moveit.core.robot_model]: Loading robot model 'kr6_r900_sixx'...
[INFO] [1790433551.867950391] [moveit_797587861.moveit.core.robot_model]: No root/virtual joint specified in SRDF. Assuming fixed joint
[WARN] [1790433552.864901765] [moveit_3986437286]: exception thrown while creating node for logging: failed to create guard condition: context argument is null, at ./src/rcl/guard_condition.c:65
[WARN] [1790433552.866011378] [moveit_3986437286]: if rclcpp::init was not called, messages from this logger may be missing from /rosout
[INFO] [1790433552.866998200] [moveit_3986437286.moveit.core.robot_model]: Loading robot model 'kr6_r900_sixx'...
[INFO] [1790433552.867518803] [moveit_3986437286.moveit.core.robot_model]: No root/virtual joint specified in SRDF. Assuming fixed joint
[WARN] [1790433553.854732423] [moveit_128945299]: exception thrown while creating node for logging: failed to create guard condition: context argument is null, at ./src/rcl/guard_condition.c:65
[WARN] [1790433553.855731210] [moveit_128945299]: if rclcpp::init was not called, messages from this logger may be missing from /rosout
[INFO] [1790433553.856458977] [moveit_128945299.moveit.core.robot_model]: Loading robot model 'kr6_r900_sixx'...
[INFO] [1790433553.856870407] [moveit_128945299.moveit.core.robot_model]: No root/virtual joint specified in SRDF. Assuming fixed joint
[WARN] [1790433554.851023064] [moveit_1115072423]: exception thrown while creating node for logging: failed to create guard condition: context argument is null, at ./src/rcl/guard_condition.c:65
[WARN] [1790433554.852144892] [moveit_1115072423]: if rclcpp::init was not called, messages from this logger may be missing from /rosout
[INFO] [1790433554.853259698] [moveit_1115072423.moveit.core.robot_model]: Loading robot model 'kr6_r900_sixx'...
[INFO] [1790433554.853638066] [moveit_1115072423.moveit.core.robot_model]: No root/virtual joint specified in SRDF. Assuming fixed joint
[WARN] [1790433555.849785279] [moveit_3479477130]: exception thrown while creating node for logging: failed to create guard condition: context argument is null, at ./src/rcl/guard_condition.c:65
[WARN] [1790433555.851428638] [moveit_3479477130]: if rclcpp::init was not called, messages from this logger may be missing from /rosout
[INFO] [1790433555.852419638] [moveit_3479477130.moveit.core.robot_model]: Loading robot model 'kr6_r900_sixx'...
[INFO] [1790433555.852886414] [moveit_3479477130.moveit.core.robot_model]: No root/virtual joint specified in SRDF. Assuming fixed joint
[WARN] [1790433556.836148179] [moveit_78189905]: exception thrown while creating node for logging: failed to create guard condition: context argument is null, at ./src/rcl/guard_condition.c:65
[WARN] [1790433556.837266911] [moveit_78189905]: if rclcpp::init was not called, messages from this logger may be missing from /rosout
[INFO] [1790433556.838228636] [moveit_78189905.moveit.core.robot_model]: Loading robot model 'kr6_r900_sixx'...
[INFO] [1790433556.838580964] [moveit_78189905.moveit.core.robot_model]: No root/virtual joint specified in SRDF. Assuming fixed joint
[WARN] [1790433557.837241645] [moveit_1524784858]: exception thrown while creating node for logging: failed to create guard condition: context argument is null, at ./src/rcl/guard_condition.c:65
[WARN] [1790433557.838454033] [moveit_1524784858]: if rclcpp::init was not called, messages from this logger may be missing from /rosout
[INFO] [1790433557.839371841] [moveit_1524784858.moveit.core.robot_model]: Loading robot model 'kr6_r900_sixx'...
[INFO] [1790433557.839796504] [moveit_1524784858.moveit.core.robot_model]: No root/virtual joint specified in SRDF. Assuming fixed joint
[WARN] [1790433558.824513575] [moveit_3378940171]: exception thrown while creating node for logging: failed to create guard condition: context argument is null, at ./src/rcl/guard_condition.c:65
[WARN] [1790433558.825721876] [moveit_3378940171]: if rclcpp::init was not called, messages from this logger may be missing from /rosout
[INFO] [1790433558.826674511] [moveit_3378940171.moveit.core.robot_model]: Loading robot model 'kr6_r900_sixx'...
[INFO] [1790433558.827123722] [moveit_3378940171.moveit.core.robot_model]: No root/virtual joint specified in SRDF. Assuming fixed joint
[WARN] [1790433559.808985091] [moveit_2929242121]: exception thrown while creating node for logging: failed to create guard condition: context argument is null, at ./src/rcl/guard_condition.c:65
[WARN] [1790433559.809853934] [moveit_2929242121]: if rclcpp::init was not called, messages from this logger may be missing from /rosout
[INFO] [1790433559.810731304] [moveit_2929242121.moveit.core.robot_model]: Loading robot model 'kr6_r900_sixx'...
[INFO] [1790433559.811081041] [moveit_2929242121.moveit.core.robot_model]: No root/virtual joint specified in SRDF. Assuming fixed joint
[WARN] [1790433560.802327457] [moveit_4223693543]: exception thrown while creating node for logging: failed to create guard condition: context argument is null, at ./src/rcl/guard_condition.c:65
[WARN] [1790433560.803387661] [moveit_4223693543]: if rclcpp::init was not called, messages from this logger may be missing from /rosout
[INFO] [1790433560.804192410] [moveit_4223693543.moveit.core.robot_model]: Loading robot model 'kr6_r900_sixx'...
[INFO] [1790433560.804578618] [moveit_4223693543.moveit.core.robot_model]: No root/virtual joint specified in SRDF. Assuming fixed joint
[WARN] [1790433561.798574429] [moveit_2782333187]: exception thrown while creating node for logging: failed to create guard condition: context argument is null, at ./src/rcl/guard_condition.c:65
[WARN] [1790433561.799939814] [moveit_2782333187]: if rclcpp::init was not called, messages from this logger may be missing from /rosout
[INFO] [1790433561.800721648] [moveit_2782333187.moveit.core.robot_model]: Loading robot model 'kr6_r900_sixx'...
[INFO] [1790433561.801122084] [moveit_2782333187.moveit.core.robot_model]: No root/virtual joint specified in SRDF. Assuming fixed joint
[WARN] [1790433562.789948536] [moveit_91564746]: exception thrown while creating node for logging: failed to create guard condition: context argument is null, at ./src/rcl/guard_condition.c:65
[WARN] [1790433562.791000123] [moveit_91564746]: if rclcpp::init was not called, messages from this logger may be missing from /rosout
[INFO] [1790433562.791995081] [moveit_91564746.moveit.core.robot_model]: Loading robot model 'kr6_r900_sixx'...
[INFO] [1790433562.792582769] [moveit_91564746.moveit.core.robot_model]: No root/virtual joint specified in SRDF. Assuming fixed joint
[WARN] [1790433563.774397468] [moveit_4230074352]: exception thrown while creating node for logging: failed to create guard condition: context argument is null, at ./src/rcl/guard_condition.c:65
[WARN] [1790433563.775612962] [moveit_4230074352]: if rclcpp::init was not called, messages from this logger may be missing from /rosout
[INFO] [1790433563.776284894] [moveit_4230074352.moveit.core.robot_model]: Loading robot model 'kr6_r900_sixx'...
[INFO] [1790433563.776584454] [moveit_4230074352.moveit.core.robot_model]: No root/virtual joint specified in SRDF. Assuming fixed joint
[WARN] [1790433564.763323563] [moveit_3286604804]: exception thrown while creating node for logging: failed to create guard condition: context argument is null, at ./src/rcl/guard_condition.c:65
[WARN] [1790433564.764424185] [moveit_3286604804]: if rclcpp::init was not called, messages from this logger may be missing from /rosout
[INFO] [1790433564.765117498] [moveit_3286604804.moveit.core.robot_model]: Loading robot model 'kr6_r900_sixx'...
[INFO] [1790433564.765468718] [moveit_3286604804.moveit.core.robot_model]: No root/virtual joint specified in SRDF. Assuming fixed joint
[WARN] [1790433565.765973522] [moveit_850445879]: exception thrown while creating node for logging: failed to create guard condition: context argument is null, at ./src/rcl/guard_condition.c:65
[WARN] [1790433565.767193344] [moveit_850445879]: if rclcpp::init was not called, messages from this logger may be missing from /rosout
[INFO] [1790433565.768182394] [moveit_850445879.moveit.core.robot_model]: Loading robot model 'kr6_r900_sixx'...
[INFO] [1790433565.768565587] [moveit_850445879.moveit.core.robot_model]: No root/virtual joint specified in SRDF. Assuming fixed joint
[WARN] [1790433566.763658001] [moveit_3440380615]: exception thrown while creating node for logging: failed to create guard condition: context argument is null, at ./src/rcl/guard_condition.c:65
[WARN] [1790433566.764839906] [moveit_3440380615]: if rclcpp::init was not called, messages from this logger may be missing from /rosout
[INFO] [1790433566.765782912] [moveit_3440380615.moveit.core.robot_model]: Loading robot model 'kr6_r900_sixx'...
[INFO] [1790433566.766187629] [moveit_3440380615.moveit.core.robot_model]: No root/virtual joint specified in SRDF. Assuming fixed joint
[WARN] [1790433567.761039121] [moveit_1532809759]: exception thrown while creating node for logging: failed to create guard condition: context argument is null, at ./src/rcl/guard_condition.c:65
[WARN] [1790433567.762625441] [moveit_1532809759]: if rclcpp::init was not called, messages from this logger may be missing from /rosout
[INFO] [1790433567.763884072] [moveit_1532809759.moveit.core.robot_model]: Loading robot model 'kr6_r900_sixx'...
[INFO] [1790433567.764348661] [moveit_1532809759.moveit.core.robot_model]: No root/virtual joint specified in SRDF. Assuming fixed joint
[WARN] [1790433568.754823082] [moveit_1059195453]: exception thrown while creating node for logging: failed to create guard condition: context argument is null, at ./src/rcl/guard_condition.c:65
[WARN] [1790433568.755883058] [moveit_1059195453]: if rclcpp::init was not called, messages from this logger may be missing from /rosout
[INFO] [1790433568.756666899] [moveit_1059195453.moveit.core.robot_model]: Loading robot model 'kr6_r900_sixx'...
[INFO] [1790433568.757019609] [moveit_1059195453.moveit.core.robot_model]: No root/virtual joint specified in SRDF. Assuming fixed joint
[WARN] [1790433569.756054326] [moveit_4244192094]: exception thrown while creating node for logging: failed to create guard condition: context argument is null, at ./src/rcl/guard_condition.c:65
[WARN] [1790433569.757500270] [moveit_4244192094]: if rclcpp::init was not called, messages from this logger may be missing from /rosout
[INFO] [1790433569.758565395] [moveit_4244192094.moveit.core.robot_model]: Loading robot model 'kr6_r900_sixx'...
[INFO] [1790433569.758993951] [moveit_4244192094.moveit.core.robot_model]: No root/virtual joint specified in SRDF. Assuming fixed joint
[WARN] [1790433570.757356094] [moveit_2164809645]: exception thrown while creating node for logging: failed to create guard condition: context argument is null, at ./src/rcl/guard_condition.c:65
[WARN] [1790433570.758773068] [moveit_2164809645]: if rclcpp::init was not called, messages from this logger may be missing from /rosout
[INFO] [1790433570.759662946] [moveit_2164809645.moveit.core.robot_model]: Loading robot model 'kr6_r900_sixx'...
[INFO] [1790433570.760277982] [moveit_2164809645.moveit.core.robot_model]: No root/virtual joint specified in SRDF. Assuming fixed joint
[WARN] [1790433571.746217170] [moveit_764116269]: exception thrown while creating node for logging: failed to create guard condition: context argument is null, at ./src/rcl/guard_condition.c:65
[WARN] [1790433571.747386138] [moveit_764116269]: if rclcpp::init was not called, messages from this logger may be missing from /rosout
[INFO] [1790433571.748492297] [moveit_764116269.moveit.core.robot_model]: Loading robot model 'kr6_r900_sixx'...
[INFO] [1790433571.749018683] [moveit_764116269.moveit.core.robot_model]: No root/virtual joint specified in SRDF. Assuming fixed joint
[WARN] [1790433572.734473060] [moveit_1409582112]: exception thrown while creating node for logging: failed to create guard condition: context argument is null, at ./src/rcl/guard_condition.c:65
[WARN] [1790433572.735819680] [moveit_1409582112]: if rclcpp::init was not called, messages from this logger may be missing from /rosout
[INFO] [1790433572.736922393] [moveit_1409582112.moveit.core.robot_model]: Loading robot model 'kr6_r900_sixx'...
[INFO] [1790433572.737343864] [moveit_1409582112.moveit.core.robot_model]: No root/virtual joint specified in SRDF. Assuming fixed joint
[WARN] [1790433573.727278498] [moveit_2708745898]: exception thrown while creating node for logging: failed to create guard condition: context argument is null, at ./src/rcl/guard_condition.c:65
[WARN] [1790433573.728737436] [moveit_2708745898]: if rclcpp::init was not called, messages from this logger may be missing from /rosout
[INFO] [1790433573.729963043] [moveit_2708745898.moveit.core.robot_model]: Loading robot model 'kr6_r900_sixx'...
[INFO] [1790433573.730419116] [moveit_2708745898.moveit.core.robot_model]: No root/virtual joint specified in SRDF. Assuming fixed joint
[WARN] [1790433574.733697710] [moveit_103797449]: exception thrown while creating node for logging: failed to create guard condition: context argument is null, at ./src/rcl/guard_condition.c:65
[WARN] [1790433574.734800504] [moveit_103797449]: if rclcpp::init was not called, messages from this logger may be missing from /rosout
[INFO] [1790433574.735655476] [moveit_103797449.moveit.core.robot_model]: Loading robot model 'kr6_r900_sixx'...
[INFO] [1790433574.736131820] [moveit_103797449.moveit.core.robot_model]: No root/virtual joint specified in SRDF. Assuming fixed joint
[WARN] [1790433575.713734638] [moveit_1341572210]: exception thrown while creating node for logging: failed to create guard condition: context argument is null, at ./src/rcl/guard_condition.c:65
[WARN] [1790433575.715066725] [moveit_1341572210]: if rclcpp::init was not called, messages from this logger may be missing from /rosout
[INFO] [1790433575.716107306] [moveit_1341572210.moveit.core.robot_model]: Loading robot model 'kr6_r900_sixx'...
[INFO] [1790433575.716631103] [moveit_1341572210.moveit.core.robot_model]: No root/virtual joint specified in SRDF. Assuming fixed joint
[WARN] [1790433576.714929717] [moveit_2024713317]: exception thrown while creating node for logging: failed to create guard condition: context argument is null, at ./src/rcl/guard_condition.c:65
[WARN] [1790433576.716240432] [moveit_2024713317]: if rclcpp::init was not called, messages from this logger may be missing from /rosout
[INFO] [1790433576.717118350] [moveit_2024713317.moveit.core.robot_model]: Loading robot model 'kr6_r900_sixx'...
[INFO] [1790433576.717523963] [moveit_2024713317.moveit.core.robot_model]: No root/virtual joint specified in SRDF. Assuming fixed joint
[WARN] [1790433577.703999369] [moveit_192216611]: exception thrown while creating node for logging: failed to create guard condition: context argument is null, at ./src/rcl/guard_condition.c:65
[WARN] [1790433577.704993187] [moveit_192216611]: if rclcpp::init was not called, messages from this logger may be missing from /rosout
[INFO] [1790433577.705903128] [moveit_192216611.moveit.core.robot_model]: Loading robot model 'kr6_r900_sixx'...
[INFO] [1790433577.706310946] [moveit_192216611.moveit.core.robot_model]: No root/virtual joint specified in SRDF. Assuming fixed joint
[WARN] [1790433578.707399103] [moveit_425988455]: exception thrown while creating node for logging: failed to create guard condition: context argument is null, at ./src/rcl/guard_condition.c:65
[WARN] [1790433578.708674187] [moveit_425988455]: if rclcpp::init was not called, messages from this logger may be missing from /rosout
[INFO] [1790433578.709387640] [moveit_425988455.moveit.core.robot_model]: Loading robot model 'kr6_r900_sixx'...
[INFO] [1790433578.709747462] [moveit_425988455.moveit.core.robot_model]: No root/virtual joint specified in SRDF. Assuming fixed joint
[WARN] [1790433579.702686305] [moveit_2276927773]: exception thrown while creating node for logging: failed to create guard condition: context argument is null, at ./src/rcl/guard_condition.c:65
[WARN] [1790433579.704173589] [moveit_2276927773]: if rclcpp::init was not called, messages from this logger may be missing from /rosout
[INFO] [1790433579.705153560] [moveit_2276927773.moveit.core.robot_model]: Loading robot model 'kr6_r900_sixx'...
[INFO] [1790433579.705632418] [moveit_2276927773.moveit.core.robot_model]: No root/virtual joint specified in SRDF. Assuming fixed joint
[WARN] [1790433580.700394550] [moveit_1788577076]: exception thrown while creating node for logging: failed to create guard condition: context argument is null, at ./src/rcl/guard_condition.c:65
[WARN] [1790433580.701337457] [moveit_1788577076]: if rclcpp::init was not called, messages from this logger may be missing from /rosout
[INFO] [1790433580.701978586] [moveit_1788577076.moveit.core.robot_model]: Loading robot model 'kr6_r900_sixx'...
[INFO] [1790433580.702355883] [moveit_1788577076.moveit.core.robot_model]: No root/virtual joint specified in SRDF. Assuming fixed joint
[WARN] [1790433581.702554026] [moveit_2438146916]: exception thrown while creating node for logging: failed to create guard condition: context argument is null, at ./src/rcl/guard_condition.c:65
[WARN] [1790433581.703946585] [moveit_2438146916]: if rclcpp::init was not called, messages from this logger may be missing from /rosout
[INFO] [1790433581.704891163] [moveit_2438146916.moveit.core.robot_model]: Loading robot model 'kr6_r900_sixx'...
[INFO] [1790433581.705351179] [moveit_2438146916.moveit.core.robot_model]: No root/virtual joint specified in SRDF. Assuming fixed joint
[WARN] [1790433582.697407222] [moveit_2242803663]: exception thrown while creating node for logging: failed to create guard condition: context argument is null, at ./src/rcl/guard_condition.c:65
[WARN] [1790433582.699091573] [moveit_2242803663]: if rclcpp::init was not called, messages from this logger may be missing from /rosout
[INFO] [1790433582.700564493] [moveit_2242803663.moveit.core.robot_model]: Loading robot model 'kr6_r900_sixx'...
[INFO] [1790433582.701124163] [moveit_2242803663.moveit.core.robot_model]: No root/virtual joint specified in SRDF. Assuming fixed joint
[WARN] [1790433583.691569704] [moveit_1322374619]: exception thrown while creating node for logging: failed to create guard condition: context argument is null, at ./src/rcl/guard_condition.c:65
[WARN] [1790433583.692754418] [moveit_1322374619]: if rclcpp::init was not called, messages from this logger may be missing from /rosout
[INFO] [1790433583.693447911] [moveit_1322374619.moveit.core.robot_model]: Loading robot model 'kr6_r900_sixx'...
[INFO] [1790433583.693973206] [moveit_1322374619.moveit.core.robot_model]: No root/virtual joint specified in SRDF. Assuming fixed joint
[WARN] [1790433584.679472729] [moveit_1165498136]: exception thrown while creating node for logging: failed to create guard condition: context argument is null, at ./src/rcl/guard_condition.c:65
[WARN] [1790433584.680838817] [moveit_1165498136]: if rclcpp::init was not called, messages from this logger may be missing from /rosout
[INFO] [1790433584.682051904] [moveit_1165498136.moveit.core.robot_model]: Loading robot model 'kr6_r900_sixx'...
[INFO] [1790433584.682515022] [moveit_1165498136.moveit.core.robot_model]: No root/virtual joint specified in SRDF. Assuming fixed joint
[WARN] [1790433585.677970091] [moveit_1464738667]: exception thrown while creating node for logging: failed to create guard condition: context argument is null, at ./src/rcl/guard_condition.c:65
[WARN] [1790433585.679226982] [moveit_1464738667]: if rclcpp::init was not called, messages from this logger may be missing from /rosout
[INFO] [1790433585.680364176] [moveit_1464738667.moveit.core.robot_model]: Loading robot model 'kr6_r900_sixx'...
[INFO] [1790433585.680836099] [moveit_1464738667.moveit.core.robot_model]: No root/virtual joint specified in SRDF. Assuming fixed joint
[WARN] [1790433586.670731128] [moveit_555335666]: exception thrown while creating node for logging: failed to create guard condition: context argument is null, at ./src/rcl/guard_condition.c:65
[WARN] [1790433586.671660137] [moveit_555335666]: if rclcpp::init was not called, messages from this logger may be missing from /rosout
[INFO] [1790433586.672498255] [moveit_555335666.moveit.core.robot_model]: Loading robot model 'kr6_r900_sixx'...
[INFO] [1790433586.672820786] [moveit_555335666.moveit.core.robot_model]: No root/virtual joint specified in SRDF. Assuming fixed joint
[WARN] [1790433587.671797305] [moveit_2588521095]: exception thrown while creating node for logging: failed to create guard condition: context argument is null, at ./src/rcl/guard_condition.c:65
[WARN] [1790433587.672856832] [moveit_2588521095]: if rclcpp::init was not called, messages from this logger may be missing from /rosout
[INFO] [1790433587.673745886] [moveit_2588521095.moveit.core.robot_model]: Loading robot model 'kr6_r900_sixx'...
[INFO] [1790433587.674234411] [moveit_2588521095.moveit.core.robot_model]: No root/virtual joint specified in SRDF. Assuming fixed joint
[WARN] [1790433588.672145513] [moveit_4065370704]: exception thrown while creating node for logging: failed to create guard condition: context argument is null, at ./src/rcl/guard_condition.c:65
[WARN] [1790433588.673239365] [moveit_4065370704]: if rclcpp::init was not called, messages from this logger may be missing from /rosout
[INFO] [1790433588.674030594] [moveit_4065370704.moveit.core.robot_model]: Loading robot model 'kr6_r900_sixx'...
[INFO] [1790433588.674402628] [moveit_4065370704.moveit.core.robot_model]: No root/virtual joint specified in SRDF. Assuming fixed joint
[WARN] [1790433589.664450641] [moveit_2855506627]: exception thrown while creating node for logging: failed to create guard condition: context argument is null, at ./src/rcl/guard_condition.c:65
[WARN] [1790433589.665676689] [moveit_2855506627]: if rclcpp::init was not called, messages from this logger may be missing from /rosout
[INFO] [1790433589.666645932] [moveit_2855506627.moveit.core.robot_model]: Loading robot model 'kr6_r900_sixx'...
[INFO] [1790433589.667542746] [moveit_2855506627.moveit.core.robot_model]: No root/virtual joint specified in SRDF. Assuming fixed joint
[WARN] [1790433590.682675067] [moveit_3265833105]: exception thrown while creating node for logging: failed to create guard condition: context argument is null, at ./src/rcl/guard_condition.c:65
[WARN] [1790433590.684137758] [moveit_3265833105]: if rclcpp::init was not called, messages from this logger may be missing from /rosout
[INFO] [1790433590.685028581] [moveit_3265833105.moveit.core.robot_model]: Loading robot model 'kr6_r900_sixx'...
[INFO] [1790433590.685387110] [moveit_3265833105.moveit.core.robot_model]: No root/virtual joint specified in SRDF. Assuming fixed joint
[WARN] [1790433591.661030499] [moveit_3640051400]: exception thrown while creating node for logging: failed to create guard condition: context argument is null, at ./src/rcl/guard_condition.c:65
[WARN] [1790433591.662524702] [moveit_3640051400]: if rclcpp::init was not called, messages from this logger may be missing from /rosout
[INFO] [1790433591.663529263] [moveit_3640051400.moveit.core.robot_model]: Loading robot model 'kr6_r900_sixx'...
[INFO] [1790433591.663968768] [moveit_3640051400.moveit.core.robot_model]: No root/virtual joint specified in SRDF. Assuming fixed joint
[WARN] [1790433592.672534525] [moveit_2544275971]: exception thrown while creating node for logging: failed to create guard condition: context argument is null, at ./src/rcl/guard_condition.c:65
[WARN] [1790433592.673771343] [moveit_2544275971]: if rclcpp::init was not called, messages from this logger may be missing from /rosout
[INFO] [1790433592.674798017] [moveit_2544275971.moveit.core.robot_model]: Loading robot model 'kr6_r900_sixx'...
[INFO] [1790433592.675341411] [moveit_2544275971.moveit.core.robot_model]: No root/virtual joint specified in SRDF. Assuming fixed joint
[WARN] [1790433593.671800636] [moveit_4060875733]: exception thrown while creating node for logging: failed to create guard condition: context argument is null, at ./src/rcl/guard_condition.c:65
[WARN] [1790433593.673691621] [moveit_4060875733]: if rclcpp::init was not called, messages from this logger may be missing from /rosout
[INFO] [1790433593.675364577] [moveit_4060875733.moveit.core.robot_model]: Loading robot model 'kr6_r900_sixx'...
[INFO] [1790433593.675987745] [moveit_4060875733.moveit.core.robot_model]: No root/virtual joint specified in SRDF. Assuming fixed joint
[WARN] [1790433594.674302086] [moveit_2239780444]: exception thrown while creating node for logging: failed to create guard condition: context argument is null, at ./src/rcl/guard_condition.c:65
[WARN] [1790433594.675845333] [moveit_2239780444]: if rclcpp::init was not called, messages from this logger may be missing from /rosout
[INFO] [1790433594.676861065] [moveit_2239780444.moveit.core.robot_model]: Loading robot model 'kr6_r900_sixx'...
[INFO] [1790433594.677200237] [moveit_2239780444.moveit.core.robot_model]: No root/virtual joint specified in SRDF. Assuming fixed joint
[WARN] [1790433595.674943510] [moveit_839301110]: exception thrown while creating node for logging: failed to create guard condition: context argument is null, at ./src/rcl/guard_condition.c:65
[WARN] [1790433595.676297694] [moveit_839301110]: if rclcpp::init was not called, messages from this logger may be missing from /rosout
[INFO] [1790433595.677191913] [moveit_839301110.moveit.core.robot_model]: Loading robot model 'kr6_r900_sixx'...
[INFO] [1790433595.677585299] [moveit_839301110.moveit.core.robot_model]: No root/virtual joint specified in SRDF. Assuming fixed joint
[WARN] [1790433596.674814834] [moveit_1761093491]: exception thrown while creating node for logging: failed to create guard condition: context argument is null, at ./src/rcl/guard_condition.c:65
[WARN] [1790433596.675894199] [moveit_1761093491]: if rclcpp::init was not called, messages from this logger may be missing from /rosout
[INFO] [1790433596.676832774] [moveit_1761093491.moveit.core.robot_model]: Loading robot model 'kr6_r900_sixx'...
[INFO] [1790433596.677263922] [moveit_1761093491.moveit.core.robot_model]: No root/virtual joint specified in SRDF. Assuming fixed joint
[WARN] [1790433597.673121889] [moveit_2846627490]: exception thrown while creating node for logging: failed to create guard condition: context argument is null, at ./src/rcl/guard_condition.c:65
[WARN] [1790433597.674388834] [moveit_2846627490]: if rclcpp::init was not called, messages from this logger may be missing from /rosout
[INFO] [1790433597.675377639] [moveit_2846627490.moveit.core.robot_model]: Loading robot model 'kr6_r900_sixx'...
[INFO] [1790433597.675850090] [moveit_2846627490.moveit.core.robot_model]: No root/virtual joint specified in SRDF. Assuming fixed joint
[WARN] [1790433598.660981896] [moveit_3043406119]: exception thrown while creating node for logging: failed to create guard condition: context argument is null, at ./src/rcl/guard_condition.c:65
[WARN] [1790433598.662085059] [moveit_3043406119]: if rclcpp::init was not called, messages from this logger may be missing from /rosout
[INFO] [1790433598.662856940] [moveit_3043406119.moveit.core.robot_model]: Loading robot model 'kr6_r900_sixx'...
[INFO] [1790433598.663358115] [moveit_3043406119.moveit.core.robot_model]: No root/virtual joint specified in SRDF. Assuming fixed joint
[WARN] [1790433599.665351543] [moveit_2154742239]: exception thrown while creating node for logging: failed to create guard condition: context argument is null, at ./src/rcl/guard_condition.c:65
[WARN] [1790433599.666788072] [moveit_2154742239]: if rclcpp::init was not called, messages from this logger may be missing from /rosout
[INFO] [1790433599.667750256] [moveit_2154742239.moveit.core.robot_model]: Loading robot model 'kr6_r900_sixx'...
[INFO] [1790433599.668272832] [moveit_2154742239.moveit.core.robot_model]: No root/virtual joint specified in SRDF. Assuming fixed joint
[WARN] [1790433600.662656214] [moveit_1306480871]: exception thrown while creating node for logging: failed to create guard condition: context argument is null, at ./src/rcl/guard_condition.c:65
[WARN] [1790433600.664262786] [moveit_1306480871]: if rclcpp::init was not called, messages from this logger may be missing from /rosout
[INFO] [1790433600.665351461] [moveit_1306480871.moveit.core.robot_model]: Loading robot model 'kr6_r900_sixx'...
[INFO] [1790433600.665788735] [moveit_1306480871.moveit.core.robot_model]: No root/virtual joint specified in SRDF. Assuming fixed joint
[WARN] [1790433601.640770442] [moveit_1541791399]: exception thrown while creating node for logging: failed to create guard condition: context argument is null, at ./src/rcl/guard_condition.c:65
[WARN] [1790433601.641925735] [moveit_1541791399]: if rclcpp::init was not called, messages from this logger may be missing from /rosout
[INFO] [1790433601.642943896] [moveit_1541791399.moveit.core.robot_model]: Loading robot model 'kr6_r900_sixx'...
[INFO] [1790433601.643449029] [moveit_1541791399.moveit.core.robot_model]: No root/virtual joint specified in SRDF. Assuming fixed joint
[WARN] [1790433602.647327590] [moveit_293293288]: exception thrown while creating node for logging: failed to create guard condition: context argument is null, at ./src/rcl/guard_condition.c:65
[WARN] [1790433602.648746886] [moveit_293293288]: if rclcpp::init was not called, messages from this logger may be missing from /rosout
[INFO] [1790433602.649785325] [moveit_293293288.moveit.core.robot_model]: Loading robot model 'kr6_r900_sixx'...
[INFO] [1790433602.650266392] [moveit_293293288.moveit.core.robot_model]: No root/virtual joint specified in SRDF. Assuming fixed joint
[WARN] [1790433603.643386155] [moveit_69555771]: exception thrown while creating node for logging: failed to create guard condition: context argument is null, at ./src/rcl/guard_condition.c:65
[WARN] [1790433603.644878289] [moveit_69555771]: if rclcpp::init was not called, messages from this logger may be missing from /rosout
[INFO] [1790433603.646072145] [moveit_69555771.moveit.core.robot_model]: Loading robot model 'kr6_r900_sixx'...
[INFO] [1790433603.646586235] [moveit_69555771.moveit.core.robot_model]: No root/virtual joint specified in SRDF. Assuming fixed joint
[WARN] [1790433604.644484236] [moveit_1040503812]: exception thrown while creating node for logging: failed to create guard condition: context argument is null, at ./src/rcl/guard_condition.c:65
[WARN] [1790433604.645837096] [moveit_1040503812]: if rclcpp::init was not called, messages from this logger may be missing from /rosout
[INFO] [1790433604.646569963] [moveit_1040503812.moveit.core.robot_model]: Loading robot model 'kr6_r900_sixx'...
[INFO] [1790433604.646918998] [moveit_1040503812.moveit.core.robot_model]: No root/virtual joint specified in SRDF. Assuming fixed joint
[WARN] [1790433605.639286487] [moveit_1937177507]: exception thrown while creating node for logging: failed to create guard condition: context argument is null, at ./src/rcl/guard_condition.c:65
[WARN] [1790433605.640683516] [moveit_1937177507]: if rclcpp::init was not called, messages from this logger may be missing from /rosout
[INFO] [1790433605.641637636] [moveit_1937177507.moveit.core.robot_model]: Loading robot model 'kr6_r900_sixx'...
[INFO] [1790433605.642095945] [moveit_1937177507.moveit.core.robot_model]: No root/virtual joint specified in SRDF. Assuming fixed joint
[WARN] [1790433606.618029491] [moveit_1158146940]: exception thrown while creating node for logging: failed to create guard condition: context argument is null, at ./src/rcl/guard_condition.c:65
[WARN] [1790433606.619231345] [moveit_1158146940]: if rclcpp::init was not called, messages from this logger may be missing from /rosout
[INFO] [1790433606.620259637] [moveit_1158146940.moveit.core.robot_model]: Loading robot model 'kr6_r900_sixx'...
[INFO] [1790433606.620681997] [moveit_1158146940.moveit.core.robot_model]: No root/virtual joint specified in SRDF. Assuming fixed joint
[WARN] [1790433607.597880347] [moveit_2755708297]: exception thrown while creating node for logging: failed to create guard condition: context argument is null, at ./src/rcl/guard_condition.c:65
[WARN] [1790433607.598896987] [moveit_2755708297]: if rclcpp::init was not called, messages from this logger may be missing from /rosout
[INFO] [1790433607.599703744] [moveit_2755708297.moveit.core.robot_model]: Loading robot model 'kr6_r900_sixx'...
[INFO] [1790433607.600201508] [moveit_2755708297.moveit.core.robot_model]: No root/virtual joint specified in SRDF. Assuming fixed joint
[WARN] [1790433608.582251162] [moveit_816517498]: exception thrown while creating node for logging: failed to create guard condition: context argument is null, at ./src/rcl/guard_condition.c:65
[WARN] [1790433608.583489747] [moveit_816517498]: if rclcpp::init was not called, messages from this logger may be missing from /rosout
[INFO] [1790433608.584543628] [moveit_816517498.moveit.core.robot_model]: Loading robot model 'kr6_r900_sixx'...
[INFO] [1790433608.585031924] [moveit_816517498.moveit.core.robot_model]: No root/virtual joint specified in SRDF. Assuming fixed joint
[WARN] [1790433609.567816958] [moveit_1392896738]: exception thrown while creating node for logging: failed to create guard condition: context argument is null, at ./src/rcl/guard_condition.c:65
[WARN] [1790433609.569507469] [moveit_1392896738]: if rclcpp::init was not called, messages from this logger may be missing from /rosout
[INFO] [1790433609.570512587] [moveit_1392896738.moveit.core.robot_model]: Loading robot model 'kr6_r900_sixx'...
[INFO] [1790433609.570949254] [moveit_1392896738.moveit.core.robot_model]: No root/virtual joint specified in SRDF. Assuming fixed joint
[WARN] [1790433610.556291431] [moveit_2717364032]: exception thrown while creating node for logging: failed to create guard condition: context argument is null, at ./src/rcl/guard_condition.c:65
[WARN] [1790433610.557380930] [moveit_2717364032]: if rclcpp::init was not called, messages from this logger may be missing from /rosout
[INFO] [1790433610.558560933] [moveit_2717364032.moveit.core.robot_model]: Loading robot model 'kr6_r900_sixx'...
[INFO] [1790433610.558969366] [moveit_2717364032.moveit.core.robot_model]: No root/virtual joint specified in SRDF. Assuming fixed joint
[WARN] [1790433611.559231683] [moveit_1032272155]: exception thrown while creating node for logging: failed to create guard condition: context argument is null, at ./src/rcl/guard_condition.c:65
[WARN] [1790433611.560736849] [moveit_1032272155]: if rclcpp::init was not called, messages from this logger may be missing from /rosout
[INFO] [1790433611.561965195] [moveit_1032272155.moveit.core.robot_model]: Loading robot model 'kr6_r900_sixx'...
[INFO] [1790433611.562398817] [moveit_1032272155.moveit.core.robot_model]: No root/virtual joint specified in SRDF. Assuming fixed joint
[WARN] [1790433612.558588013] [moveit_3396610954]: exception thrown while creating node for logging: failed to create guard condition: context argument is null, at ./src/rcl/guard_condition.c:65
[WARN] [1790433612.560073030] [moveit_3396610954]: if rclcpp::init was not called, messages from this logger may be missing from /rosout
[INFO] [1790433612.561227344] [moveit_3396610954.moveit.core.robot_model]: Loading robot model 'kr6_r900_sixx'...
[INFO] [1790433612.561679010] [moveit_3396610954.moveit.core.robot_model]: No root/virtual joint specified in SRDF. Assuming fixed joint
[WARN] [1790433613.546373517] [moveit_1185143846]: exception thrown while creating node for logging: failed to create guard condition: context argument is null, at ./src/rcl/guard_condition.c:65
[WARN] [1790433613.547567135] [moveit_1185143846]: if rclcpp::init was not called, messages from this logger may be missing from /rosout
[INFO] [1790433613.548635284] [moveit_1185143846.moveit.core.robot_model]: Loading robot model 'kr6_r900_sixx'...
[INFO] [1790433613.549105471] [moveit_1185143846.moveit.core.robot_model]: No root/virtual joint specified in SRDF. Assuming fixed joint
[WARN] [1790433614.558835522] [moveit_672768470]: exception thrown while creating node for logging: failed to create guard condition: context argument is null, at ./src/rcl/guard_condition.c:65
[WARN] [1790433614.560183475] [moveit_672768470]: if rclcpp::init was not called, messages from this logger may be missing from /rosout
[INFO] [1790433614.561309264] [moveit_672768470.moveit.core.robot_model]: Loading robot model 'kr6_r900_sixx'...
[INFO] [1790433614.561822273] [moveit_672768470.moveit.core.robot_model]: No root/virtual joint specified in SRDF. Assuming fixed joint
[WARN] [1790433615.554656693] [moveit_3768219915]: exception thrown while creating node for logging: failed to create guard condition: context argument is null, at ./src/rcl/guard_condition.c:65
[WARN] [1790433615.555640751] [moveit_3768219915]: if rclcpp::init was not called, messages from this logger may be missing from /rosout
[INFO] [1790433615.556303126] [moveit_3768219915.moveit.core.robot_model]: Loading robot model 'kr6_r900_sixx'...
[INFO] [1790433615.556678622] [moveit_3768219915.moveit.core.robot_model]: No root/virtual joint specified in SRDF. Assuming fixed joint
[WARN] [1790433616.530366145] [moveit_3935371389]: exception thrown while creating node for logging: failed to create guard condition: context argument is null, at ./src/rcl/guard_condition.c:65
[WARN] [1790433616.531538483] [moveit_3935371389]: if rclcpp::init was not called, messages from this logger may be missing from /rosout
[INFO] [1790433616.532302231] [moveit_3935371389.moveit.core.robot_model]: Loading robot model 'kr6_r900_sixx'...
[INFO] [1790433616.532724778] [moveit_3935371389.moveit.core.robot_model]: No root/virtual joint specified in SRDF. Assuming fixed joint
[WARN] [1790433617.528145915] [moveit_1889643428]: exception thrown while creating node for logging: failed to create guard condition: context argument is null, at ./src/rcl/guard_condition.c:65
[WARN] [1790433617.529577918] [moveit_1889643428]: if rclcpp::init was not called, messages from this logger may be missing from /rosout
[INFO] [1790433617.530647861] [moveit_1889643428.moveit.core.robot_model]: Loading robot model 'kr6_r900_sixx'...
[INFO] [1790433617.531164447] [moveit_1889643428.moveit.core.robot_model]: No root/virtual joint specified in SRDF. Assuming fixed joint
[WARN] [1790433618.525605383] [moveit_1811782039]: exception thrown while creating node for logging: failed to create guard condition: context argument is null, at ./src/rcl/guard_condition.c:65
[WARN] [1790433618.526723848] [moveit_1811782039]: if rclcpp::init was not called, messages from this logger may be missing from /rosout
[INFO] [1790433618.527553452] [moveit_1811782039.moveit.core.robot_model]: Loading robot model 'kr6_r900_sixx'...
[INFO] [1790433618.527915834] [moveit_1811782039.moveit.core.robot_model]: No root/virtual joint specified in SRDF. Assuming fixed joint
[WARN] [1790433619.519784620] [moveit_3745422060]: exception thrown while creating node for logging: failed to create guard condition: context argument is null, at ./src/rcl/guard_condition.c:65
[WARN] [1790433619.520964573] [moveit_3745422060]: if rclcpp::init was not called, messages from this logger may be missing from /rosout
[INFO] [1790433619.521961496] [moveit_3745422060.moveit.core.robot_model]: Loading robot model 'kr6_r900_sixx'...
[INFO] [1790433619.522590596] [moveit_3745422060.moveit.core.robot_model]: No root/virtual joint specified in SRDF. Assuming fixed joint
[WARN] [1790433620.513937678] [moveit_3915627889]: exception thrown while creating node for logging: failed to create guard condition: context argument is null, at ./src/rcl/guard_condition.c:65
[WARN] [1790433620.515158619] [moveit_3915627889]: if rclcpp::init was not called, messages from this logger may be missing from /rosout
[INFO] [1790433620.516244301] [moveit_3915627889.moveit.core.robot_model]: Loading robot model 'kr6_r900_sixx'...
[INFO] [1790433620.516744977] [moveit_3915627889.moveit.core.robot_model]: No root/virtual joint specified in SRDF. Assuming fixed joint
[WARN] [1790433621.488473567] [moveit_4177388715]: exception thrown while creating node for logging: failed to create guard condition: context argument is null, at ./src/rcl/guard_condition.c:65
[WARN] [1790433621.489677467] [moveit_4177388715]: if rclcpp::init was not called, messages from this logger may be missing from /rosout
[INFO] [1790433621.490440078] [moveit_4177388715.moveit.core.robot_model]: Loading robot model 'kr6_r900_sixx'...
[INFO] [1790433621.490870807] [moveit_4177388715.moveit.core.robot_model]: No root/virtual joint specified in SRDF. Assuming fixed joint
[WARN] [1790433622.477711794] [moveit_3763410510]: exception thrown while creating node for logging: failed to create guard condition: context argument is null, at ./src/rcl/guard_condition.c:65
[WARN] [1790433622.478658695] [moveit_3763410510]: if rclcpp::init was not called, messages from this logger may be missing from /rosout
[INFO] [1790433622.479391469] [moveit_3763410510.moveit.core.robot_model]: Loading robot model 'kr6_r900_sixx'...
[INFO] [1790433622.479818932] [moveit_3763410510.moveit.core.robot_model]: No root/virtual joint specified in SRDF. Assuming fixed joint
[WARN] [1790433623.497668405] [moveit_89758524]: exception thrown while creating node for logging: failed to create guard condition: context argument is null, at ./src/rcl/guard_condition.c:65
[WARN] [1790433623.498803364] [moveit_89758524]: if rclcpp::init was not called, messages from this logger may be missing from /rosout
[INFO] [1790433623.499625518] [moveit_89758524.moveit.core.robot_model]: Loading robot model 'kr6_r900_sixx'...
[INFO] [1790433623.499994930] [moveit_89758524.moveit.core.robot_model]: No root/virtual joint specified in SRDF. Assuming fixed joint
[WARN] [1790433624.487173081] [moveit_1600958735]: exception thrown while creating node for logging: failed to create guard condition: context argument is null, at ./src/rcl/guard_condition.c:65
[WARN] [1790433624.488353446] [moveit_1600958735]: if rclcpp::init was not called, messages from this logger may be missing from /rosout
[INFO] [1790433624.489108432] [moveit_1600958735.moveit.core.robot_model]: Loading robot model 'kr6_r900_sixx'...
[INFO] [1790433624.489506178] [moveit_1600958735.moveit.core.robot_model]: No root/virtual joint specified in SRDF. Assuming fixed joint
[WARN] [1790433625.479344889] [moveit_3246431575]: exception thrown while creating node for logging: failed to create guard condition: context argument is null, at ./src/rcl/guard_condition.c:65
[WARN] [1790433625.480605076] [moveit_3246431575]: if rclcpp::init was not called, messages from this logger may be missing from /rosout
[INFO] [1790433625.481692684] [moveit_3246431575.moveit.core.robot_model]: Loading robot model 'kr6_r900_sixx'...
[INFO] [1790433625.482086513] [moveit_3246431575.moveit.core.robot_model]: No root/virtual joint specified in SRDF. Assuming fixed joint
[WARN] [1790433626.470257452] [moveit_3915526098]: exception thrown while creating node for logging: failed to create guard condition: context argument is null, at ./src/rcl/guard_condition.c:65
[WARN] [1790433626.471479105] [moveit_3915526098]: if rclcpp::init was not called, messages from this logger may be missing from /rosout
[INFO] [1790433626.472398013] [moveit_3915526098.moveit.core.robot_model]: Loading robot model 'kr6_r900_sixx'...
[INFO] [1790433626.472777365] [moveit_3915526098.moveit.core.robot_model]: No root/virtual joint specified in SRDF. Assuming fixed joint
[WARN] [1790433627.468783234] [moveit_2120064136]: exception thrown while creating node for logging: failed to create guard condition: context argument is null, at ./src/rcl/guard_condition.c:65
[WARN] [1790433627.470177817] [moveit_2120064136]: if rclcpp::init was not called, messages from this logger may be missing from /rosout
[INFO] [1790433627.471258432] [moveit_2120064136.moveit.core.robot_model]: Loading robot model 'kr6_r900_sixx'...
[INFO] [1790433627.471760206] [moveit_2120064136.moveit.core.robot_model]: No root/virtual joint specified in SRDF. Assuming fixed joint
[WARN] [1790433628.467345987] [moveit_2246985632]: exception thrown while creating node for logging: failed to create guard condition: context argument is null, at ./src/rcl/guard_condition.c:65
[WARN] [1790433628.468312986] [moveit_2246985632]: if rclcpp::init was not called, messages from this logger may be missing from /rosout
[INFO] [1790433628.469339348] [moveit_2246985632.moveit.core.robot_model]: Loading robot model 'kr6_r900_sixx'...
[INFO] [1790433628.469658344] [moveit_2246985632.moveit.core.robot_model]: No root/virtual joint specified in SRDF. Assuming fixed joint
[WARN] [1790433629.459099399] [moveit_1488943127]: exception thrown while creating node for logging: failed to create guard condition: context argument is null, at ./src/rcl/guard_condition.c:65
[WARN] [1790433629.460112151] [moveit_1488943127]: if rclcpp::init was not called, messages from this logger may be missing from /rosout
[INFO] [1790433629.460971108] [moveit_1488943127.moveit.core.robot_model]: Loading robot model 'kr6_r900_sixx'...
[INFO] [1790433629.461369148] [moveit_1488943127.moveit.core.robot_model]: No root/virtual joint specified in SRDF. Assuming fixed joint
[WARN] [1790433630.447858660] [moveit_4021624619]: exception thrown while creating node for logging: failed to create guard condition: context argument is null, at ./src/rcl/guard_condition.c:65
[WARN] [1790433630.448948816] [moveit_4021624619]: if rclcpp::init was not called, messages from this logger may be missing from /rosout
[INFO] [1790433630.449559649] [moveit_4021624619.moveit.core.robot_model]: Loading robot model 'kr6_r900_sixx'...
[INFO] [1790433630.449933041] [moveit_4021624619.moveit.core.robot_model]: No root/virtual joint specified in SRDF. Assuming fixed joint
[WARN] [1790433631.443901130] [moveit_2488592099]: exception thrown while creating node for logging: failed to create guard condition: context argument is null, at ./src/rcl/guard_condition.c:65
[WARN] [1790433631.445093970] [moveit_2488592099]: if rclcpp::init was not called, messages from this logger may be missing from /rosout
[INFO] [1790433631.446016062] [moveit_2488592099.moveit.core.robot_model]: Loading robot model 'kr6_r900_sixx'...
[INFO] [1790433631.446391749] [moveit_2488592099.moveit.core.robot_model]: No root/virtual joint specified in SRDF. Assuming fixed joint
[WARN] [1790433632.434135552] [moveit_2500661272]: exception thrown while creating node for logging: failed to create guard condition: context argument is null, at ./src/rcl/guard_condition.c:65
[WARN] [1790433632.435642977] [moveit_2500661272]: if rclcpp::init was not called, messages from this logger may be missing from /rosout
[INFO] [1790433632.436658554] [moveit_2500661272.moveit.core.robot_model]: Loading robot model 'kr6_r900_sixx'...
[INFO] [1790433632.437175702] [moveit_2500661272.moveit.core.robot_model]: No root/virtual joint specified in SRDF. Assuming fixed joint
[WARN] [1790433633.430564720] [moveit_2813544806]: exception thrown while creating node for logging: failed to create guard condition: context argument is null, at ./src/rcl/guard_condition.c:65
[WARN] [1790433633.431644846] [moveit_2813544806]: if rclcpp::init was not called, messages from this logger may be missing from /rosout
[INFO] [1790433633.432323304] [moveit_2813544806.moveit.core.robot_model]: Loading robot model 'kr6_r900_sixx'...
[INFO] [1790433633.432599302] [moveit_2813544806.moveit.core.robot_model]: No root/virtual joint specified in SRDF. Assuming fixed joint
[WARN] [1790433634.428037612] [moveit_1662302656]: exception thrown while creating node for logging: failed to create guard condition: context argument is null, at ./src/rcl/guard_condition.c:65
[WARN] [1790433634.428967450] [moveit_1662302656]: if rclcpp::init was not called, messages from this logger may be missing from /rosout
[INFO] [1790433634.429786667] [moveit_1662302656.moveit.core.robot_model]: Loading robot model 'kr6_r900_sixx'...
[INFO] [1790433634.430178876] [moveit_1662302656.moveit.core.robot_model]: No root/virtual joint specified in SRDF. Assuming fixed joint
[WARN] [1790433635.403436570] [moveit_1894739911]: exception thrown while creating node for logging: failed to create guard condition: context argument is null, at ./src/rcl/guard_condition.c:65
[WARN] [1790433635.405013433] [moveit_1894739911]: if rclcpp::init was not called, messages from this logger may be missing from /rosout
[INFO] [1790433635.405875055] [moveit_1894739911.moveit.core.robot_model]: Loading robot model 'kr6_r900_sixx'...
[INFO] [1790433635.406384937] [moveit_1894739911.moveit.core.robot_model]: No root/virtual joint specified in SRDF. Assuming fixed joint
[WARN] [1790433636.399440669] [moveit_2557973937]: exception thrown while creating node for logging: failed to create guard condition: context argument is null, at ./src/rcl/guard_condition.c:65
[WARN] [1790433636.400663592] [moveit_2557973937]: if rclcpp::init was not called, messages from this logger may be missing from /rosout
[INFO] [1790433636.401875763] [moveit_2557973937.moveit.core.robot_model]: Loading robot model 'kr6_r900_sixx'...
[INFO] [1790433636.402551793] [moveit_2557973937.moveit.core.robot_model]: No root/virtual joint specified in SRDF. Assuming fixed joint
[WARN] [1790433637.388102272] [moveit_293751787]: exception thrown while creating node for logging: failed to create guard condition: context argument is null, at ./src/rcl/guard_condition.c:65
[WARN] [1790433637.389347138] [moveit_293751787]: if rclcpp::init was not called, messages from this logger may be missing from /rosout
[INFO] [1790433637.390430252] [moveit_293751787.moveit.core.robot_model]: Loading robot model 'kr6_r900_sixx'...
[INFO] [1790433637.391134036] [moveit_293751787.moveit.core.robot_model]: No root/virtual joint specified in SRDF. Assuming fixed joint
[WARN] [1790433638.377014650] [moveit_3806636087]: exception thrown while creating node for logging: failed to create guard condition: context argument is null, at ./src/rcl/guard_condition.c:65
[WARN] [1790433638.378701245] [moveit_3806636087]: if rclcpp::init was not called, messages from this logger may be missing from /rosout
[INFO] [1790433638.379672764] [moveit_3806636087.moveit.core.robot_model]: Loading robot model 'kr6_r900_sixx'...
[INFO] [1790433638.380133421] [moveit_3806636087.moveit.core.robot_model]: No root/virtual joint specified in SRDF. Assuming fixed joint
[WARN] [1790433639.375567167] [moveit_2518289258]: exception thrown while creating node for logging: failed to create guard condition: context argument is null, at ./src/rcl/guard_condition.c:65
[WARN] [1790433639.376817994] [moveit_2518289258]: if rclcpp::init was not called, messages from this logger may be missing from /rosout
[INFO] [1790433639.377857584] [moveit_2518289258.moveit.core.robot_model]: Loading robot model 'kr6_r900_sixx'...
[INFO] [1790433639.378262153] [moveit_2518289258.moveit.core.robot_model]: No root/virtual joint specified in SRDF. Assuming fixed joint
[WARN] [1790433640.372287739] [moveit_3339805983]: exception thrown while creating node for logging: failed to create guard condition: context argument is null, at ./src/rcl/guard_condition.c:65
[WARN] [1790433640.373568564] [moveit_3339805983]: if rclcpp::init was not called, messages from this logger may be missing from /rosout
[INFO] [1790433640.374568317] [moveit_3339805983.moveit.core.robot_model]: Loading robot model 'kr6_r900_sixx'...
[INFO] [1790433640.375077808] [moveit_3339805983.moveit.core.robot_model]: No root/virtual joint specified in SRDF. Assuming fixed joint
[WARN] [1790433641.385767329] [moveit_3772635063]: exception thrown while creating node for logging: failed to create guard condition: context argument is null, at ./src/rcl/guard_condition.c:65
[WARN] [1790433641.387122707] [moveit_3772635063]: if rclcpp::init was not called, messages from this logger may be missing from /rosout
[INFO] [1790433641.388314179] [moveit_3772635063.moveit.core.robot_model]: Loading robot model 'kr6_r900_sixx'...
[INFO] [1790433641.388792831] [moveit_3772635063.moveit.core.robot_model]: No root/virtual joint specified in SRDF. Assuming fixed joint
[WARN] [1790433642.376190213] [moveit_1377547642]: exception thrown while creating node for logging: failed to create guard condition: context argument is null, at ./src/rcl/guard_condition.c:65
[WARN] [1790433642.377807094] [moveit_1377547642]: if rclcpp::init was not called, messages from this logger may be missing from /rosout
[INFO] [1790433642.378647120] [moveit_1377547642.moveit.core.robot_model]: Loading robot model 'kr6_r900_sixx'...
[INFO] [1790433642.379149537] [moveit_1377547642.moveit.core.robot_model]: No root/virtual joint specified in SRDF. Assuming fixed joint
[WARN] [1790433643.379695761] [moveit_1387669792]: exception thrown while creating node for logging: failed to create guard condition: context argument is null, at ./src/rcl/guard_condition.c:65
[WARN] [1790433643.380825314] [moveit_1387669792]: if rclcpp::init was not called, messages from this logger may be missing from /rosout
[INFO] [1790433643.381515292] [moveit_1387669792.moveit.core.robot_model]: Loading robot model 'kr6_r900_sixx'...
[INFO] [1790433643.381852962] [moveit_1387669792.moveit.core.robot_model]: No root/virtual joint specified in SRDF. Assuming fixed joint
[WARN] [1790433644.386405945] [moveit_2120367322]: exception thrown while creating node for logging: failed to create guard condition: context argument is null, at ./src/rcl/guard_condition.c:65
[WARN] [1790433644.387526882] [moveit_2120367322]: if rclcpp::init was not called, messages from this logger may be missing from /rosout
[INFO] [1790433644.388407486] [moveit_2120367322.moveit.core.robot_model]: Loading robot model 'kr6_r900_sixx'...
[INFO] [1790433644.388802076] [moveit_2120367322.moveit.core.robot_model]: No root/virtual joint specified in SRDF. Assuming fixed joint
[WARN] [1790433645.387992933] [moveit_2734395616]: exception thrown while creating node for logging: failed to create guard condition: context argument is null, at ./src/rcl/guard_condition.c:65
[WARN] [1790433645.390187432] [moveit_2734395616]: if rclcpp::init was not called, messages from this logger may be missing from /rosout
[INFO] [1790433645.391608461] [moveit_2734395616.moveit.core.robot_model]: Loading robot model 'kr6_r900_sixx'...
[INFO] [1790433645.391930136] [moveit_2734395616.moveit.core.robot_model]: No root/virtual joint specified in SRDF. Assuming fixed joint
[WARN] [1790433646.386287573] [moveit_1638065341]: exception thrown while creating node for logging: failed to create guard condition: context argument is null, at ./src/rcl/guard_condition.c:65
[WARN] [1790433646.387275593] [moveit_1638065341]: if rclcpp::init was not called, messages from this logger may be missing from /rosout
[INFO] [1790433646.388007113] [moveit_1638065341.moveit.core.robot_model]: Loading robot model 'kr6_r900_sixx'...
[INFO] [1790433646.388408611] [moveit_1638065341.moveit.core.robot_model]: No root/virtual joint specified in SRDF. Assuming fixed joint
[WARN] [1790433647.370934302] [moveit_2375826426]: exception thrown while creating node for logging: failed to create guard condition: context argument is null, at ./src/rcl/guard_condition.c:65
[WARN] [1790433647.372104230] [moveit_2375826426]: if rclcpp::init was not called, messages from this logger may be missing from /rosout
[INFO] [1790433647.372949527] [moveit_2375826426.moveit.core.robot_model]: Loading robot model 'kr6_r900_sixx'...
[INFO] [1790433647.373416400] [moveit_2375826426.moveit.core.robot_model]: No root/virtual joint specified in SRDF. Assuming fixed joint
[WARN] [1790433648.364192686] [moveit_1444607155]: exception thrown while creating node for logging: failed to create guard condition: context argument is null, at ./src/rcl/guard_condition.c:65
[WARN] [1790433648.365557737] [moveit_1444607155]: if rclcpp::init was not called, messages from this logger may be missing from /rosout
[INFO] [1790433648.366811095] [moveit_1444607155.moveit.core.robot_model]: Loading robot model 'kr6_r900_sixx'...
[INFO] [1790433648.367295312] [moveit_1444607155.moveit.core.robot_model]: No root/virtual joint specified in SRDF. Assuming fixed joint
[WARN] [1790433649.356712267] [moveit_1006874388]: exception thrown while creating node for logging: failed to create guard condition: context argument is null, at ./src/rcl/guard_condition.c:65
[WARN] [1790433649.358092848] [moveit_1006874388]: if rclcpp::init was not called, messages from this logger may be missing from /rosout
[INFO] [1790433649.359267124] [moveit_1006874388.moveit.core.robot_model]: Loading robot model 'kr6_r900_sixx'...
[INFO] [1790433649.359669084] [moveit_1006874388.moveit.core.robot_model]: No root/virtual joint specified in SRDF. Assuming fixed joint
[WARN] [1790433650.354467945] [moveit_200053523]: exception thrown while creating node for logging: failed to create guard condition: context argument is null, at ./src/rcl/guard_condition.c:65
[WARN] [1790433650.355817227] [moveit_200053523]: if rclcpp::init was not called, messages from this logger may be missing from /rosout
[INFO] [1790433650.356795779] [moveit_200053523.moveit.core.robot_model]: Loading robot model 'kr6_r900_sixx'...
[INFO] [1790433650.357147382] [moveit_200053523.moveit.core.robot_model]: No root/virtual joint specified in SRDF. Assuming fixed joint
[WARN] [1790433651.342878345] [moveit_3567006133]: exception thrown while creating node for logging: failed to create guard condition: context argument is null, at ./src/rcl/guard_condition.c:65
[WARN] [1790433651.344314402] [moveit_3567006133]: if rclcpp::init was not called, messages from this logger may be missing from /rosout
[INFO] [1790433651.345284047] [moveit_3567006133.moveit.core.robot_model]: Loading robot model 'kr6_r900_sixx'...
[INFO] [1790433651.345638756] [moveit_3567006133.moveit.core.robot_model]: No root/virtual joint specified in SRDF. Assuming fixed joint
[WARN] [1790433652.339509195] [moveit_1384917859]: exception thrown while creating node for logging: failed to create guard condition: context argument is null, at ./src/rcl/guard_condition.c:65
[WARN] [1790433652.340795736] [moveit_1384917859]: if rclcpp::init was not called, messages from this logger may be missing from /rosout
[INFO] [1790433652.341930357] [moveit_1384917859.moveit.core.robot_model]: Loading robot model 'kr6_r900_sixx'...
[INFO] [1790433652.342432949] [moveit_1384917859.moveit.core.robot_model]: No root/virtual joint specified in SRDF. Assuming fixed joint
[WARN] [1790433653.324745891] [moveit_2347620533]: exception thrown while creating node for logging: failed to create guard condition: context argument is null, at ./src/rcl/guard_condition.c:65
[WARN] [1790433653.325851835] [moveit_2347620533]: if rclcpp::init was not called, messages from this logger may be missing from /rosout
[INFO] [1790433653.326606117] [moveit_2347620533.moveit.core.robot_model]: Loading robot model 'kr6_r900_sixx'...
[INFO] [1790433653.327005230] [moveit_2347620533.moveit.core.robot_model]: No root/virtual joint specified in SRDF. Assuming fixed joint
[WARN] [1790433654.314063656] [moveit_3153297252]: exception thrown while creating node for logging: failed to create guard condition: context argument is null, at ./src/rcl/guard_condition.c:65
[WARN] [1790433654.315239503] [moveit_3153297252]: if rclcpp::init was not called, messages from this logger may be missing from /rosout
[INFO] [1790433654.316474604] [moveit_3153297252.moveit.core.robot_model]: Loading robot model 'kr6_r900_sixx'...
[INFO] [1790433654.316970913] [moveit_3153297252.moveit.core.robot_model]: No root/virtual joint specified in SRDF. Assuming fixed joint
[WARN] [1790433655.302930478] [moveit_53572139]: exception thrown while creating node for logging: failed to create guard condition: context argument is null, at ./src/rcl/guard_condition.c:65
[WARN] [1790433655.303876386] [moveit_53572139]: if rclcpp::init was not called, messages from this logger may be missing from /rosout
[INFO] [1790433655.304675213] [moveit_53572139.moveit.core.robot_model]: Loading robot model 'kr6_r900_sixx'...
[INFO] [1790433655.305178124] [moveit_53572139.moveit.core.robot_model]: No root/virtual joint specified in SRDF. Assuming fixed joint
[WARN] [1790433656.303438853] [moveit_1373006360]: exception thrown while creating node for logging: failed to create guard condition: context argument is null, at ./src/rcl/guard_condition.c:65
[WARN] [1790433656.304592007] [moveit_1373006360]: if rclcpp::init was not called, messages from this logger may be missing from /rosout
[INFO] [1790433656.305713641] [moveit_1373006360.moveit.core.robot_model]: Loading robot model 'kr6_r900_sixx'...
[INFO] [1790433656.306169853] [moveit_1373006360.moveit.core.robot_model]: No root/virtual joint specified in SRDF. Assuming fixed joint
[WARN] [1790433657.290721356] [moveit_1996664069]: exception thrown while creating node for logging: failed to create guard condition: context argument is null, at ./src/rcl/guard_condition.c:65
[WARN] [1790433657.292073370] [moveit_1996664069]: if rclcpp::init was not called, messages from this logger may be missing from /rosout
[INFO] [1790433657.293077720] [moveit_1996664069.moveit.core.robot_model]: Loading robot model 'kr6_r900_sixx'...
[INFO] [1790433657.293568047] [moveit_1996664069.moveit.core.robot_model]: No root/virtual joint specified in SRDF. Assuming fixed joint
[WARN] [1790433658.284649413] [moveit_3151574043]: exception thrown while creating node for logging: failed to create guard condition: context argument is null, at ./src/rcl/guard_condition.c:65
[WARN] [1790433658.285842944] [moveit_3151574043]: if rclcpp::init was not called, messages from this logger may be missing from /rosout
[INFO] [1790433658.286737704] [moveit_3151574043.moveit.core.robot_model]: Loading robot model 'kr6_r900_sixx'...
[INFO] [1790433658.287100317] [moveit_3151574043.moveit.core.robot_model]: No root/virtual joint specified in SRDF. Assuming fixed joint
[WARN] [1790433659.274147371] [moveit_129183853]: exception thrown while creating node for logging: failed to create guard condition: context argument is null, at ./src/rcl/guard_condition.c:65
[WARN] [1790433659.275352204] [moveit_129183853]: if rclcpp::init was not called, messages from this logger may be missing from /rosout
[INFO] [1790433659.276270089] [moveit_129183853.moveit.core.robot_model]: Loading robot model 'kr6_r900_sixx'...
[INFO] [1790433659.276712575] [moveit_129183853.moveit.core.robot_model]: No root/virtual joint specified in SRDF. Assuming fixed joint
[WARN] [1790433660.276959008] [moveit_3928809404]: exception thrown while creating node for logging: failed to create guard condition: context argument is null, at ./src/rcl/guard_condition.c:65
[WARN] [1790433660.278616176] [moveit_3928809404]: if rclcpp::init was not called, messages from this logger may be missing from /rosout
[INFO] [1790433660.279643509] [moveit_3928809404.moveit.core.robot_model]: Loading robot model 'kr6_r900_sixx'...
[INFO] [1790433660.280033585] [moveit_3928809404.moveit.core.robot_model]: No root/virtual joint specified in SRDF. Assuming fixed joint
[WARN] [1790433661.260628598] [moveit_3536350805]: exception thrown while creating node for logging: failed to create guard condition: context argument is null, at ./src/rcl/guard_condition.c:65
[WARN] [1790433661.261922535] [moveit_3536350805]: if rclcpp::init was not called, messages from this logger may be missing from /rosout
[INFO] [1790433661.262904705] [moveit_3536350805.moveit.core.robot_model]: Loading robot model 'kr6_r900_sixx'...
[INFO] [1790433661.263281266] [moveit_3536350805.moveit.core.robot_model]: No root/virtual joint specified in SRDF. Assuming fixed joint
[WARN] [1790433662.247109942] [moveit_3838650563]: exception thrown while creating node for logging: failed to create guard condition: context argument is null, at ./src/rcl/guard_condition.c:65
[WARN] [1790433662.248091992] [moveit_3838650563]: if rclcpp::init was not called, messages from this logger may be missing from /rosout
[INFO] [1790433662.249061217] [moveit_3838650563.moveit.core.robot_model]: Loading robot model 'kr6_r900_sixx'...
[INFO] [1790433662.249401148] [moveit_3838650563.moveit.core.robot_model]: No root/virtual joint specified in SRDF. Assuming fixed joint
[WARN] [1790433664.508955598] [moveit_3008004612]: exception thrown while creating node for logging: failed to create guard condition: context argument is null, at ./src/rcl/guard_condition.c:65
[WARN] [1790433664.510175554] [moveit_3008004612]: if rclcpp::init was not called, messages from this logger may be missing from /rosout
[INFO] [1790433664.511417171] [moveit_3008004612.moveit.core.robot_model]: Loading robot model 'kr6_r900_sixx'...
[INFO] [1790433664.511814321] [moveit_3008004612.moveit.core.robot_model]: No root/virtual joint specified in SRDF. Assuming fixed joint
[WARN] [1790433666.238120871] [moveit_3909366158]: exception thrown while creating node for logging: failed to create guard condition: context argument is null, at ./src/rcl/guard_condition.c:65
[WARN] [1790433666.239433544] [moveit_3909366158]: if rclcpp::init was not called, messages from this logger may be missing from /rosout
[INFO] [1790433666.240411557] [moveit_3909366158.moveit.core.robot_model]: Loading robot model 'kr6_r900_sixx'...
[INFO] [1790433666.240892117] [moveit_3909366158.moveit.core.robot_model]: No root/virtual joint specified in SRDF. Assuming fixed joint
[WARN] [1790433670.113374589] [moveit_1462717857]: exception thrown while creating node for logging: failed to create guard condition: context argument is null, at ./src/rcl/guard_condition.c:65
[WARN] [1790433670.114704993] [moveit_1462717857]: if rclcpp::init was not called, messages from this logger may be missing from /rosout
[INFO] [1790433670.115703242] [moveit_1462717857.moveit.core.robot_model]: Loading robot model 'kr6_r900_sixx'...
[INFO] [1790433670.116176567] [moveit_1462717857.moveit.core.robot_model]: No root/virtual joint specified in SRDF. Assuming fixed joint
[WARN] [1790433671.539453669] [moveit_2884962894]: exception thrown while creating node for logging: failed to create guard condition: context argument is null, at ./src/rcl/guard_condition.c:65
[WARN] [1790433671.540849598] [moveit_2884962894]: if rclcpp::init was not called, messages from this logger may be missing from /rosout
[INFO] [1790433671.541880239] [moveit_2884962894.moveit.core.robot_model]: Loading robot model 'kr6_r900_sixx'...
[INFO] [1790433671.542373342] [moveit_2884962894.moveit.core.robot_model]: No root/virtual joint specified in SRDF. Assuming fixed joint
[WARN] [1790433673.182543874] [moveit_3298538660]: exception thrown while creating node for logging: failed to create guard condition: context argument is null, at ./src/rcl/guard_condition.c:65
[WARN] [1790433673.183923001] [moveit_3298538660]: if rclcpp::init was not called, messages from this logger may be missing from /rosout
[INFO] [1790433673.184849703] [moveit_3298538660.moveit.core.robot_model]: Loading robot model 'kr6_r900_sixx'...
[INFO] [1790433673.185257703] [moveit_3298538660.moveit.core.robot_model]: No root/virtual joint specified in SRDF. Assuming fixed joint
[WARN] [1790433675.424986583] [moveit_2920046300]: exception thrown while creating node for logging: failed to create guard condition: context argument is null, at ./src/rcl/guard_condition.c:65
[WARN] [1790433675.426111464] [moveit_2920046300]: if rclcpp::init was not called, messages from this logger may be missing from /rosout
[INFO] [1790433675.427137616] [moveit_2920046300.moveit.core.robot_model]: Loading robot model 'kr6_r900_sixx'...
[INFO] [1790433675.427515328] [moveit_2920046300.moveit.core.robot_model]: No root/virtual joint specified in SRDF. Assuming fixed joint
[WARN] [1790433679.091877283] [moveit_2279125394]: exception thrown while creating node for logging: failed to create guard condition: context argument is null, at ./src/rcl/guard_condition.c:65
[WARN] [1790433679.093281844] [moveit_2279125394]: if rclcpp::init was not called, messages from this logger may be missing from /rosout
[INFO] [1790433679.094190579] [moveit_2279125394.moveit.core.robot_model]: Loading robot model 'kr6_r900_sixx'...
[INFO] [1790433679.094594610] [moveit_2279125394.moveit.core.robot_model]: No root/virtual joint specified in SRDF. Assuming fixed joint
